dataset	cutoff_mm	samples	measured	null	tp	tn	fp	fn	fp_cases	fn_cases
original559_final100_close	-15.0	100	31	69	0	7	0	24		drawer559_drawer_close_libero90_t22_s12_r0_native_original160,drawer559_drawer_close_libero90_t22_s15_r0_native_original160,drawer559_drawer_close_libero90_t22_s18_r0_native_original160,drawer559_drawer_close_libero90_t22_s29_r0_native_original160,drawer559_drawer_close_libero90_t22_s32_r0_native_original160,drawer559_drawer_close_libero90_t23_s10_r0_native_original160,drawer559_drawer_close_libero90_t23_s12_r0_native_original160,drawer559_drawer_close_libero90_t23_s13_r0_native_original160,drawer559_drawer_close_libero90_t23_s14_r0_native_original160,drawer559_drawer_close_libero90_t23_s16_r0_native_original160,drawer559_drawer_close_libero90_t23_s17_r0_native_original160,drawer559_drawer_close_libero90_t23_s19_r0_native_original160,drawer559_drawer_close_libero90_t23_s21_r0_native_original160,drawer559_drawer_close_libero90_t23_s22_r0_native_original160,drawer559_drawer_close_libero90_t23_s24_r0_native_original160,drawer559_drawer_close_libero90_t23_s25_r0_native_original160,drawer559_drawer_close_libero90_t23_s26_r0_native_original160,drawer559_drawer_close_libero90_t23_s29_r0_native_original160,drawer559_drawer_close_libero90_t23_s30_r0_native_original160,drawer559_drawer_close_libero90_t23_s31_r0_native_original160,drawer559_drawer_close_libero90_t23_s33_r0_native_original160,drawer559_drawer_close_libero90_t23_s35_r0_native_original160,drawer559_drawer_close_libero90_t23_s38_r0_native_original160,drawer559_drawer_close_libero90_t23_s39_r0_native_original160
original559_final100_close	-10.0	100	31	69	0	7	0	24		drawer559_drawer_close_libero90_t22_s12_r0_native_original160,drawer559_drawer_close_libero90_t22_s15_r0_native_original160,drawer559_drawer_close_libero90_t22_s18_r0_native_original160,drawer559_drawer_close_libero90_t22_s29_r0_native_original160,drawer559_drawer_close_libero90_t22_s32_r0_native_original160,drawer559_drawer_close_libero90_t23_s10_r0_native_original160,drawer559_drawer_close_libero90_t23_s12_r0_native_original160,drawer559_drawer_close_libero90_t23_s13_r0_native_original160,drawer559_drawer_close_libero90_t23_s14_r0_native_original160,drawer559_drawer_close_libero90_t23_s16_r0_native_original160,drawer559_drawer_close_libero90_t23_s17_r0_native_original160,drawer559_drawer_close_libero90_t23_s19_r0_native_original160,drawer559_drawer_close_libero90_t23_s21_r0_native_original160,drawer559_drawer_close_libero90_t23_s22_r0_native_original160,drawer559_drawer_close_libero90_t23_s24_r0_native_original160,drawer559_drawer_close_libero90_t23_s25_r0_native_original160,drawer559_drawer_close_libero90_t23_s26_r0_native_original160,drawer559_drawer_close_libero90_t23_s29_r0_native_original160,drawer559_drawer_close_libero90_t23_s30_r0_native_original160,drawer559_drawer_close_libero90_t23_s31_r0_native_original160,drawer559_drawer_close_libero90_t23_s33_r0_native_original160,drawer559_drawer_close_libero90_t23_s35_r0_native_original160,drawer559_drawer_close_libero90_t23_s38_r0_native_original160,drawer559_drawer_close_libero90_t23_s39_r0_native_original160
original559_final100_close	-5.80416131359905	100	31	69	0	7	0	24		drawer559_drawer_close_libero90_t22_s12_r0_native_original160,drawer559_drawer_close_libero90_t22_s15_r0_native_original160,drawer559_drawer_close_libero90_t22_s18_r0_native_original160,drawer559_drawer_close_libero90_t22_s29_r0_native_original160,drawer559_drawer_close_libero90_t22_s32_r0_native_original160,drawer559_drawer_close_libero90_t23_s10_r0_native_original160,drawer559_drawer_close_libero90_t23_s12_r0_native_original160,drawer559_drawer_close_libero90_t23_s13_r0_native_original160,drawer559_drawer_close_libero90_t23_s14_r0_native_original160,drawer559_drawer_close_libero90_t23_s16_r0_native_original160,drawer559_drawer_close_libero90_t23_s17_r0_native_original160,drawer559_drawer_close_libero90_t23_s19_r0_native_original160,drawer559_drawer_close_libero90_t23_s21_r0_native_original160,drawer559_drawer_close_libero90_t23_s22_r0_native_original160,drawer559_drawer_close_libero90_t23_s24_r0_native_original160,drawer559_drawer_close_libero90_t23_s25_r0_native_original160,drawer559_drawer_close_libero90_t23_s26_r0_native_original160,drawer559_drawer_close_libero90_t23_s29_r0_native_original160,drawer559_drawer_close_libero90_t23_s30_r0_native_original160,drawer559_drawer_close_libero90_t23_s31_r0_native_original160,drawer559_drawer_close_libero90_t23_s33_r0_native_original160,drawer559_drawer_close_libero90_t23_s35_r0_native_original160,drawer559_drawer_close_libero90_t23_s38_r0_native_original160,drawer559_drawer_close_libero90_t23_s39_r0_native_original160
original559_final100_close	-5.80416031359905	100	31	69	1	7	0	23		drawer559_drawer_close_libero90_t22_s12_r0_native_original160,drawer559_drawer_close_libero90_t22_s15_r0_native_original160,drawer559_drawer_close_libero90_t22_s18_r0_native_original160,drawer559_drawer_close_libero90_t22_s29_r0_native_original160,drawer559_drawer_close_libero90_t22_s32_r0_native_original160,drawer559_drawer_close_libero90_t23_s12_r0_native_original160,drawer559_drawer_close_libero90_t23_s13_r0_native_original160,drawer559_drawer_close_libero90_t23_s14_r0_native_original160,drawer559_drawer_close_libero90_t23_s16_r0_native_original160,drawer559_drawer_close_libero90_t23_s17_r0_native_original160,drawer559_drawer_close_libero90_t23_s19_r0_native_original160,drawer559_drawer_close_libero90_t23_s21_r0_native_original160,drawer559_drawer_close_libero90_t23_s22_r0_native_original160,drawer559_drawer_close_libero90_t23_s24_r0_native_original160,drawer559_drawer_close_libero90_t23_s25_r0_native_original160,drawer559_drawer_close_libero90_t23_s26_r0_native_original160,drawer559_drawer_close_libero90_t23_s29_r0_native_original160,drawer559_drawer_close_libero90_t23_s30_r0_native_original160,drawer559_drawer_close_libero90_t23_s31_r0_native_original160,drawer559_drawer_close_libero90_t23_s33_r0_native_original160,drawer559_drawer_close_libero90_t23_s35_r0_native_original160,drawer559_drawer_close_libero90_t23_s38_r0_native_original160,drawer559_drawer_close_libero90_t23_s39_r0_native_original160
original559_final100_close	-5.0	100	31	69	1	7	0	23		drawer559_drawer_close_libero90_t22_s12_r0_native_original160,drawer559_drawer_close_libero90_t22_s15_r0_native_original160,drawer559_drawer_close_libero90_t22_s18_r0_native_original160,drawer559_drawer_close_libero90_t22_s29_r0_native_original160,drawer559_drawer_close_libero90_t22_s32_r0_native_original160,drawer559_drawer_close_libero90_t23_s12_r0_native_original160,drawer559_drawer_close_libero90_t23_s13_r0_native_original160,drawer559_drawer_close_libero90_t23_s14_r0_native_original160,drawer559_drawer_close_libero90_t23_s16_r0_native_original160,drawer559_drawer_close_libero90_t23_s17_r0_native_original160,drawer559_drawer_close_libero90_t23_s19_r0_native_original160,drawer559_drawer_close_libero90_t23_s21_r0_native_original160,drawer559_drawer_close_libero90_t23_s22_r0_native_original160,drawer559_drawer_close_libero90_t23_s24_r0_native_original160,drawer559_drawer_close_libero90_t23_s25_r0_native_original160,drawer559_drawer_close_libero90_t23_s26_r0_native_original160,drawer559_drawer_close_libero90_t23_s29_r0_native_original160,drawer559_drawer_close_libero90_t23_s30_r0_native_original160,drawer559_drawer_close_libero90_t23_s31_r0_native_original160,drawer559_drawer_close_libero90_t23_s33_r0_native_original160,drawer559_drawer_close_libero90_t23_s35_r0_native_original160,drawer559_drawer_close_libero90_t23_s38_r0_native_original160,drawer559_drawer_close_libero90_t23_s39_r0_native_original160
original559_final100_close	-4.199544350711919	100	31	69	1	7	0	23		drawer559_drawer_close_libero90_t22_s12_r0_native_original160,drawer559_drawer_close_libero90_t22_s15_r0_native_original160,drawer559_drawer_close_libero90_t22_s18_r0_native_original160,drawer559_drawer_close_libero90_t22_s29_r0_native_original160,drawer559_drawer_close_libero90_t22_s32_r0_native_original160,drawer559_drawer_close_libero90_t23_s12_r0_native_original160,drawer559_drawer_close_libero90_t23_s13_r0_native_original160,drawer559_drawer_close_libero90_t23_s14_r0_native_original160,drawer559_drawer_close_libero90_t23_s16_r0_native_original160,drawer559_drawer_close_libero90_t23_s17_r0_native_original160,drawer559_drawer_close_libero90_t23_s19_r0_native_original160,drawer559_drawer_close_libero90_t23_s21_r0_native_original160,drawer559_drawer_close_libero90_t23_s22_r0_native_original160,drawer559_drawer_close_libero90_t23_s24_r0_native_original160,drawer559_drawer_close_libero90_t23_s25_r0_native_original160,drawer559_drawer_close_libero90_t23_s26_r0_native_original160,drawer559_drawer_close_libero90_t23_s29_r0_native_original160,drawer559_drawer_close_libero90_t23_s30_r0_native_original160,drawer559_drawer_close_libero90_t23_s31_r0_native_original160,drawer559_drawer_close_libero90_t23_s33_r0_native_original160,drawer559_drawer_close_libero90_t23_s35_r0_native_original160,drawer559_drawer_close_libero90_t23_s38_r0_native_original160,drawer559_drawer_close_libero90_t23_s39_r0_native_original160
original559_final100_close	-2.594928387824786	100	31	69	2	7	0	22		drawer559_drawer_close_libero90_t22_s12_r0_native_original160,drawer559_drawer_close_libero90_t22_s15_r0_native_original160,drawer559_drawer_close_libero90_t22_s18_r0_native_original160,drawer559_drawer_close_libero90_t22_s29_r0_native_original160,drawer559_drawer_close_libero90_t22_s32_r0_native_original160,drawer559_drawer_close_libero90_t23_s12_r0_native_original160,drawer559_drawer_close_libero90_t23_s13_r0_native_original160,drawer559_drawer_close_libero90_t23_s14_r0_native_original160,drawer559_drawer_close_libero90_t23_s17_r0_native_original160,drawer559_drawer_close_libero90_t23_s19_r0_native_original160,drawer559_drawer_close_libero90_t23_s21_r0_native_original160,drawer559_drawer_close_libero90_t23_s22_r0_native_original160,drawer559_drawer_close_libero90_t23_s24_r0_native_original160,drawer559_drawer_close_libero90_t23_s25_r0_native_original160,drawer559_drawer_close_libero90_t23_s26_r0_native_original160,drawer559_drawer_close_libero90_t23_s29_r0_native_original160,drawer559_drawer_close_libero90_t23_s30_r0_native_original160,drawer559_drawer_close_libero90_t23_s31_r0_native_original160,drawer559_drawer_close_libero90_t23_s33_r0_native_original160,drawer559_drawer_close_libero90_t23_s35_r0_native_original160,drawer559_drawer_close_libero90_t23_s38_r0_native_original160,drawer559_drawer_close_libero90_t23_s39_r0_native_original160
original559_final100_close	-2.1633955739604143	100	31	69	2	7	0	22		drawer559_drawer_close_libero90_t22_s12_r0_native_original160,drawer559_drawer_close_libero90_t22_s15_r0_native_original160,drawer559_drawer_close_libero90_t22_s18_r0_native_original160,drawer559_drawer_close_libero90_t22_s29_r0_native_original160,drawer559_drawer_close_libero90_t22_s32_r0_native_original160,drawer559_drawer_close_libero90_t23_s12_r0_native_original160,drawer559_drawer_close_libero90_t23_s13_r0_native_original160,drawer559_drawer_close_libero90_t23_s14_r0_native_original160,drawer559_drawer_close_libero90_t23_s17_r0_native_original160,drawer559_drawer_close_libero90_t23_s19_r0_native_original160,drawer559_drawer_close_libero90_t23_s21_r0_native_original160,drawer559_drawer_close_libero90_t23_s22_r0_native_original160,drawer559_drawer_close_libero90_t23_s24_r0_native_original160,drawer559_drawer_close_libero90_t23_s25_r0_native_original160,drawer559_drawer_close_libero90_t23_s26_r0_native_original160,drawer559_drawer_close_libero90_t23_s29_r0_native_original160,drawer559_drawer_close_libero90_t23_s30_r0_native_original160,drawer559_drawer_close_libero90_t23_s31_r0_native_original160,drawer559_drawer_close_libero90_t23_s33_r0_native_original160,drawer559_drawer_close_libero90_t23_s35_r0_native_original160,drawer559_drawer_close_libero90_t23_s38_r0_native_original160,drawer559_drawer_close_libero90_t23_s39_r0_native_original160
original559_final100_close	-2.0	100	31	69	2	7	0	22		drawer559_drawer_close_libero90_t22_s12_r0_native_original160,drawer559_drawer_close_libero90_t22_s15_r0_native_original160,drawer559_drawer_close_libero90_t22_s18_r0_native_original160,drawer559_drawer_close_libero90_t22_s29_r0_native_original160,drawer559_drawer_close_libero90_t22_s32_r0_native_original160,drawer559_drawer_close_libero90_t23_s12_r0_native_original160,drawer559_drawer_close_libero90_t23_s13_r0_native_original160,drawer559_drawer_close_libero90_t23_s14_r0_native_original160,drawer559_drawer_close_libero90_t23_s17_r0_native_original160,drawer559_drawer_close_libero90_t23_s19_r0_native_original160,drawer559_drawer_close_libero90_t23_s21_r0_native_original160,drawer559_drawer_close_libero90_t23_s22_r0_native_original160,drawer559_drawer_close_libero90_t23_s24_r0_native_original160,drawer559_drawer_close_libero90_t23_s25_r0_native_original160,drawer559_drawer_close_libero90_t23_s26_r0_native_original160,drawer559_drawer_close_libero90_t23_s29_r0_native_original160,drawer559_drawer_close_libero90_t23_s30_r0_native_original160,drawer559_drawer_close_libero90_t23_s31_r0_native_original160,drawer559_drawer_close_libero90_t23_s33_r0_native_original160,drawer559_drawer_close_libero90_t23_s35_r0_native_original160,drawer559_drawer_close_libero90_t23_s38_r0_native_original160,drawer559_drawer_close_libero90_t23_s39_r0_native_original160
original559_final100_close	-1.731862760096042	100	31	69	3	7	0	21		drawer559_drawer_close_libero90_t22_s12_r0_native_original160,drawer559_drawer_close_libero90_t22_s15_r0_native_original160,drawer559_drawer_close_libero90_t22_s18_r0_native_original160,drawer559_drawer_close_libero90_t22_s29_r0_native_original160,drawer559_drawer_close_libero90_t22_s32_r0_native_original160,drawer559_drawer_close_libero90_t23_s12_r0_native_original160,drawer559_drawer_close_libero90_t23_s13_r0_native_original160,drawer559_drawer_close_libero90_t23_s14_r0_native_original160,drawer559_drawer_close_libero90_t23_s17_r0_native_original160,drawer559_drawer_close_libero90_t23_s19_r0_native_original160,drawer559_drawer_close_libero90_t23_s21_r0_native_original160,drawer559_drawer_close_libero90_t23_s22_r0_native_original160,drawer559_drawer_close_libero90_t23_s24_r0_native_original160,drawer559_drawer_close_libero90_t23_s25_r0_native_original160,drawer559_drawer_close_libero90_t23_s26_r0_native_original160,drawer559_drawer_close_libero90_t23_s30_r0_native_original160,drawer559_drawer_close_libero90_t23_s31_r0_native_original160,drawer559_drawer_close_libero90_t23_s33_r0_native_original160,drawer559_drawer_close_libero90_t23_s35_r0_native_original160,drawer559_drawer_close_libero90_t23_s38_r0_native_original160,drawer559_drawer_close_libero90_t23_s39_r0_native_original160
original559_final100_close	-1.6814339308616335	100	31	69	3	7	0	21		drawer559_drawer_close_libero90_t22_s12_r0_native_original160,drawer559_drawer_close_libero90_t22_s15_r0_native_original160,drawer559_drawer_close_libero90_t22_s18_r0_native_original160,drawer559_drawer_close_libero90_t22_s29_r0_native_original160,drawer559_drawer_close_libero90_t22_s32_r0_native_original160,drawer559_drawer_close_libero90_t23_s12_r0_native_original160,drawer559_drawer_close_libero90_t23_s13_r0_native_original160,drawer559_drawer_close_libero90_t23_s14_r0_native_original160,drawer559_drawer_close_libero90_t23_s17_r0_native_original160,drawer559_drawer_close_libero90_t23_s19_r0_native_original160,drawer559_drawer_close_libero90_t23_s21_r0_native_original160,drawer559_drawer_close_libero90_t23_s22_r0_native_original160,drawer559_drawer_close_libero90_t23_s24_r0_native_original160,drawer559_drawer_close_libero90_t23_s25_r0_native_original160,drawer559_drawer_close_libero90_t23_s26_r0_native_original160,drawer559_drawer_close_libero90_t23_s30_r0_native_original160,drawer559_drawer_close_libero90_t23_s31_r0_native_original160,drawer559_drawer_close_libero90_t23_s33_r0_native_original160,drawer559_drawer_close_libero90_t23_s35_r0_native_original160,drawer559_drawer_close_libero90_t23_s38_r0_native_original160,drawer559_drawer_close_libero90_t23_s39_r0_native_original160
original559_final100_close	-1.6310051016272251	100	31	69	4	7	0	20		drawer559_drawer_close_libero90_t22_s12_r0_native_original160,drawer559_drawer_close_libero90_t22_s15_r0_native_original160,drawer559_drawer_close_libero90_t22_s18_r0_native_original160,drawer559_drawer_close_libero90_t22_s29_r0_native_original160,drawer559_drawer_close_libero90_t22_s32_r0_native_original160,drawer559_drawer_close_libero90_t23_s12_r0_native_original160,drawer559_drawer_close_libero90_t23_s13_r0_native_original160,drawer559_drawer_close_libero90_t23_s14_r0_native_original160,drawer559_drawer_close_libero90_t23_s17_r0_native_original160,drawer559_drawer_close_libero90_t23_s19_r0_native_original160,drawer559_drawer_close_libero90_t23_s21_r0_native_original160,drawer559_drawer_close_libero90_t23_s22_r0_native_original160,drawer559_drawer_close_libero90_t23_s24_r0_native_original160,drawer559_drawer_close_libero90_t23_s25_r0_native_original160,drawer559_drawer_close_libero90_t23_s26_r0_native_original160,drawer559_drawer_close_libero90_t23_s30_r0_native_original160,drawer559_drawer_close_libero90_t23_s31_r0_native_original160,drawer559_drawer_close_libero90_t23_s35_r0_native_original160,drawer559_drawer_close_libero90_t23_s38_r0_native_original160,drawer559_drawer_close_libero90_t23_s39_r0_native_original160
original559_final100_close	-1.6293973626365779	100	31	69	4	7	0	20		drawer559_drawer_close_libero90_t22_s12_r0_native_original160,drawer559_drawer_close_libero90_t22_s15_r0_native_original160,drawer559_drawer_close_libero90_t22_s18_r0_native_original160,drawer559_drawer_close_libero90_t22_s29_r0_native_original160,drawer559_drawer_close_libero90_t22_s32_r0_native_original160,drawer559_drawer_close_libero90_t23_s12_r0_native_original160,drawer559_drawer_close_libero90_t23_s13_r0_native_original160,drawer559_drawer_close_libero90_t23_s14_r0_native_original160,drawer559_drawer_close_libero90_t23_s17_r0_native_original160,drawer559_drawer_close_libero90_t23_s19_r0_native_original160,drawer559_drawer_close_libero90_t23_s21_r0_native_original160,drawer559_drawer_close_libero90_t23_s22_r0_native_original160,drawer559_drawer_close_libero90_t23_s24_r0_native_original160,drawer559_drawer_close_libero90_t23_s25_r0_native_original160,drawer559_drawer_close_libero90_t23_s26_r0_native_original160,drawer559_drawer_close_libero90_t23_s30_r0_native_original160,drawer559_drawer_close_libero90_t23_s31_r0_native_original160,drawer559_drawer_close_libero90_t23_s35_r0_native_original160,drawer559_drawer_close_libero90_t23_s38_r0_native_original160,drawer559_drawer_close_libero90_t23_s39_r0_native_original160
original559_final100_close	-1.6277896236459304	100	31	69	5	7	0	19		drawer559_drawer_close_libero90_t22_s12_r0_native_original160,drawer559_drawer_close_libero90_t22_s15_r0_native_original160,drawer559_drawer_close_libero90_t22_s18_r0_native_original160,drawer559_drawer_close_libero90_t22_s29_r0_native_original160,drawer559_drawer_close_libero90_t22_s32_r0_native_original160,drawer559_drawer_close_libero90_t23_s12_r0_native_original160,drawer559_drawer_close_libero90_t23_s13_r0_native_original160,drawer559_drawer_close_libero90_t23_s14_r0_native_original160,drawer559_drawer_close_libero90_t23_s17_r0_native_original160,drawer559_drawer_close_libero90_t23_s19_r0_native_original160,drawer559_drawer_close_libero90_t23_s21_r0_native_original160,drawer559_drawer_close_libero90_t23_s22_r0_native_original160,drawer559_drawer_close_libero90_t23_s24_r0_native_original160,drawer559_drawer_close_libero90_t23_s26_r0_native_original160,drawer559_drawer_close_libero90_t23_s30_r0_native_original160,drawer559_drawer_close_libero90_t23_s31_r0_native_original160,drawer559_drawer_close_libero90_t23_s35_r0_native_original160,drawer559_drawer_close_libero90_t23_s38_r0_native_original160,drawer559_drawer_close_libero90_t23_s39_r0_native_original160
original559_final100_close	-1.5869694724899337	100	31	69	5	7	0	19		drawer559_drawer_close_libero90_t22_s12_r0_native_original160,drawer559_drawer_close_libero90_t22_s15_r0_native_original160,drawer559_drawer_close_libero90_t22_s18_r0_native_original160,drawer559_drawer_close_libero90_t22_s29_r0_native_original160,drawer559_drawer_close_libero90_t22_s32_r0_native_original160,drawer559_drawer_close_libero90_t23_s12_r0_native_original160,drawer559_drawer_close_libero90_t23_s13_r0_native_original160,drawer559_drawer_close_libero90_t23_s14_r0_native_original160,drawer559_drawer_close_libero90_t23_s17_r0_native_original160,drawer559_drawer_close_libero90_t23_s19_r0_native_original160,drawer559_drawer_close_libero90_t23_s21_r0_native_original160,drawer559_drawer_close_libero90_t23_s22_r0_native_original160,drawer559_drawer_close_libero90_t23_s24_r0_native_original160,drawer559_drawer_close_libero90_t23_s26_r0_native_original160,drawer559_drawer_close_libero90_t23_s30_r0_native_original160,drawer559_drawer_close_libero90_t23_s31_r0_native_original160,drawer559_drawer_close_libero90_t23_s35_r0_native_original160,drawer559_drawer_close_libero90_t23_s38_r0_native_original160,drawer559_drawer_close_libero90_t23_s39_r0_native_original160
original559_final100_close	-1.5461493213339368	100	31	69	6	7	0	18		drawer559_drawer_close_libero90_t22_s12_r0_native_original160,drawer559_drawer_close_libero90_t22_s15_r0_native_original160,drawer559_drawer_close_libero90_t22_s18_r0_native_original160,drawer559_drawer_close_libero90_t22_s29_r0_native_original160,drawer559_drawer_close_libero90_t22_s32_r0_native_original160,drawer559_drawer_close_libero90_t23_s12_r0_native_original160,drawer559_drawer_close_libero90_t23_s13_r0_native_original160,drawer559_drawer_close_libero90_t23_s14_r0_native_original160,drawer559_drawer_close_libero90_t23_s17_r0_native_original160,drawer559_drawer_close_libero90_t23_s19_r0_native_original160,drawer559_drawer_close_libero90_t23_s21_r0_native_original160,drawer559_drawer_close_libero90_t23_s22_r0_native_original160,drawer559_drawer_close_libero90_t23_s24_r0_native_original160,drawer559_drawer_close_libero90_t23_s30_r0_native_original160,drawer559_drawer_close_libero90_t23_s31_r0_native_original160,drawer559_drawer_close_libero90_t23_s35_r0_native_original160,drawer559_drawer_close_libero90_t23_s38_r0_native_original160,drawer559_drawer_close_libero90_t23_s39_r0_native_original160
original559_final100_close	-1.5325858510648176	100	31	69	6	7	0	18		drawer559_drawer_close_libero90_t22_s12_r0_native_original160,drawer559_drawer_close_libero90_t22_s15_r0_native_original160,drawer559_drawer_close_libero90_t22_s18_r0_native_original160,drawer559_drawer_close_libero90_t22_s29_r0_native_original160,drawer559_drawer_close_libero90_t22_s32_r0_native_original160,drawer559_drawer_close_libero90_t23_s12_r0_native_original160,drawer559_drawer_close_libero90_t23_s13_r0_native_original160,drawer559_drawer_close_libero90_t23_s14_r0_native_original160,drawer559_drawer_close_libero90_t23_s17_r0_native_original160,drawer559_drawer_close_libero90_t23_s19_r0_native_original160,drawer559_drawer_close_libero90_t23_s21_r0_native_original160,drawer559_drawer_close_libero90_t23_s22_r0_native_original160,drawer559_drawer_close_libero90_t23_s24_r0_native_original160,drawer559_drawer_close_libero90_t23_s30_r0_native_original160,drawer559_drawer_close_libero90_t23_s31_r0_native_original160,drawer559_drawer_close_libero90_t23_s35_r0_native_original160,drawer559_drawer_close_libero90_t23_s38_r0_native_original160,drawer559_drawer_close_libero90_t23_s39_r0_native_original160
original559_final100_close	-1.5190223807956982	100	31	69	7	7	0	17		drawer559_drawer_close_libero90_t22_s12_r0_native_original160,drawer559_drawer_close_libero90_t22_s15_r0_native_original160,drawer559_drawer_close_libero90_t22_s18_r0_native_original160,drawer559_drawer_close_libero90_t22_s29_r0_native_original160,drawer559_drawer_close_libero90_t22_s32_r0_native_original160,drawer559_drawer_close_libero90_t23_s12_r0_native_original160,drawer559_drawer_close_libero90_t23_s13_r0_native_original160,drawer559_drawer_close_libero90_t23_s14_r0_native_original160,drawer559_drawer_close_libero90_t23_s17_r0_native_original160,drawer559_drawer_close_libero90_t23_s19_r0_native_original160,drawer559_drawer_close_libero90_t23_s21_r0_native_original160,drawer559_drawer_close_libero90_t23_s22_r0_native_original160,drawer559_drawer_close_libero90_t23_s30_r0_native_original160,drawer559_drawer_close_libero90_t23_s31_r0_native_original160,drawer559_drawer_close_libero90_t23_s35_r0_native_original160,drawer559_drawer_close_libero90_t23_s38_r0_native_original160,drawer559_drawer_close_libero90_t23_s39_r0_native_original160
original559_final100_close	-1.509906461667714	100	31	69	7	7	0	17		drawer559_drawer_close_libero90_t22_s12_r0_native_original160,drawer559_drawer_close_libero90_t22_s15_r0_native_original160,drawer559_drawer_close_libero90_t22_s18_r0_native_original160,drawer559_drawer_close_libero90_t22_s29_r0_native_original160,drawer559_drawer_close_libero90_t22_s32_r0_native_original160,drawer559_drawer_close_libero90_t23_s12_r0_native_original160,drawer559_drawer_close_libero90_t23_s13_r0_native_original160,drawer559_drawer_close_libero90_t23_s14_r0_native_original160,drawer559_drawer_close_libero90_t23_s17_r0_native_original160,drawer559_drawer_close_libero90_t23_s19_r0_native_original160,drawer559_drawer_close_libero90_t23_s21_r0_native_original160,drawer559_drawer_close_libero90_t23_s22_r0_native_original160,drawer559_drawer_close_libero90_t23_s30_r0_native_original160,drawer559_drawer_close_libero90_t23_s31_r0_native_original160,drawer559_drawer_close_libero90_t23_s35_r0_native_original160,drawer559_drawer_close_libero90_t23_s38_r0_native_original160,drawer559_drawer_close_libero90_t23_s39_r0_native_original160
original559_final100_close	-1.5007905425397297	100	31	69	8	7	0	16		drawer559_drawer_close_libero90_t22_s12_r0_native_original160,drawer559_drawer_close_libero90_t22_s15_r0_native_original160,drawer559_drawer_close_libero90_t22_s18_r0_native_original160,drawer559_drawer_close_libero90_t22_s29_r0_native_original160,drawer559_drawer_close_libero90_t22_s32_r0_native_original160,drawer559_drawer_close_libero90_t23_s12_r0_native_original160,drawer559_drawer_close_libero90_t23_s14_r0_native_original160,drawer559_drawer_close_libero90_t23_s17_r0_native_original160,drawer559_drawer_close_libero90_t23_s19_r0_native_original160,drawer559_drawer_close_libero90_t23_s21_r0_native_original160,drawer559_drawer_close_libero90_t23_s22_r0_native_original160,drawer559_drawer_close_libero90_t23_s30_r0_native_original160,drawer559_drawer_close_libero90_t23_s31_r0_native_original160,drawer559_drawer_close_libero90_t23_s35_r0_native_original160,drawer559_drawer_close_libero90_t23_s38_r0_native_original160,drawer559_drawer_close_libero90_t23_s39_r0_native_original160
original559_final100_close	-1.4206362046148917	100	31	69	8	7	0	16		drawer559_drawer_close_libero90_t22_s12_r0_native_original160,drawer559_drawer_close_libero90_t22_s15_r0_native_original160,drawer559_drawer_close_libero90_t22_s18_r0_native_original160,drawer559_drawer_close_libero90_t22_s29_r0_native_original160,drawer559_drawer_close_libero90_t22_s32_r0_native_original160,drawer559_drawer_close_libero90_t23_s12_r0_native_original160,drawer559_drawer_close_libero90_t23_s14_r0_native_original160,drawer559_drawer_close_libero90_t23_s17_r0_native_original160,drawer559_drawer_close_libero90_t23_s19_r0_native_original160,drawer559_drawer_close_libero90_t23_s21_r0_native_original160,drawer559_drawer_close_libero90_t23_s22_r0_native_original160,drawer559_drawer_close_libero90_t23_s30_r0_native_original160,drawer559_drawer_close_libero90_t23_s31_r0_native_original160,drawer559_drawer_close_libero90_t23_s35_r0_native_original160,drawer559_drawer_close_libero90_t23_s38_r0_native_original160,drawer559_drawer_close_libero90_t23_s39_r0_native_original160
original559_final100_close	-1.3404818666900535	100	31	69	9	7	0	15		drawer559_drawer_close_libero90_t22_s12_r0_native_original160,drawer559_drawer_close_libero90_t22_s15_r0_native_original160,drawer559_drawer_close_libero90_t22_s18_r0_native_original160,drawer559_drawer_close_libero90_t22_s29_r0_native_original160,drawer559_drawer_close_libero90_t22_s32_r0_native_original160,drawer559_drawer_close_libero90_t23_s12_r0_native_original160,drawer559_drawer_close_libero90_t23_s14_r0_native_original160,drawer559_drawer_close_libero90_t23_s19_r0_native_original160,drawer559_drawer_close_libero90_t23_s21_r0_native_original160,drawer559_drawer_close_libero90_t23_s22_r0_native_original160,drawer559_drawer_close_libero90_t23_s30_r0_native_original160,drawer559_drawer_close_libero90_t23_s31_r0_native_original160,drawer559_drawer_close_libero90_t23_s35_r0_native_original160,drawer559_drawer_close_libero90_t23_s38_r0_native_original160,drawer559_drawer_close_libero90_t23_s39_r0_native_original160
original559_final100_close	-1.3235809139377441	100	31	69	9	7	0	15		drawer559_drawer_close_libero90_t22_s12_r0_native_original160,drawer559_drawer_close_libero90_t22_s15_r0_native_original160,drawer559_drawer_close_libero90_t22_s18_r0_native_original160,drawer559_drawer_close_libero90_t22_s29_r0_native_original160,drawer559_drawer_close_libero90_t22_s32_r0_native_original160,drawer559_drawer_close_libero90_t23_s12_r0_native_original160,drawer559_drawer_close_libero90_t23_s14_r0_native_original160,drawer559_drawer_close_libero90_t23_s19_r0_native_original160,drawer559_drawer_close_libero90_t23_s21_r0_native_original160,drawer559_drawer_close_libero90_t23_s22_r0_native_original160,drawer559_drawer_close_libero90_t23_s30_r0_native_original160,drawer559_drawer_close_libero90_t23_s31_r0_native_original160,drawer559_drawer_close_libero90_t23_s35_r0_native_original160,drawer559_drawer_close_libero90_t23_s38_r0_native_original160,drawer559_drawer_close_libero90_t23_s39_r0_native_original160
original559_final100_close	-1.3066799611854345	100	31	69	10	7	0	14		drawer559_drawer_close_libero90_t22_s12_r0_native_original160,drawer559_drawer_close_libero90_t22_s15_r0_native_original160,drawer559_drawer_close_libero90_t22_s18_r0_native_original160,drawer559_drawer_close_libero90_t22_s29_r0_native_original160,drawer559_drawer_close_libero90_t22_s32_r0_native_original160,drawer559_drawer_close_libero90_t23_s12_r0_native_original160,drawer559_drawer_close_libero90_t23_s14_r0_native_original160,drawer559_drawer_close_libero90_t23_s21_r0_native_original160,drawer559_drawer_close_libero90_t23_s22_r0_native_original160,drawer559_drawer_close_libero90_t23_s30_r0_native_original160,drawer559_drawer_close_libero90_t23_s31_r0_native_original160,drawer559_drawer_close_libero90_t23_s35_r0_native_original160,drawer559_drawer_close_libero90_t23_s38_r0_native_original160,drawer559_drawer_close_libero90_t23_s39_r0_native_original160
original559_final100_close	-1.27930614178404	100	31	69	10	7	0	14		drawer559_drawer_close_libero90_t22_s12_r0_native_original160,drawer559_drawer_close_libero90_t22_s15_r0_native_original160,drawer559_drawer_close_libero90_t22_s18_r0_native_original160,drawer559_drawer_close_libero90_t22_s29_r0_native_original160,drawer559_drawer_close_libero90_t22_s32_r0_native_original160,drawer559_drawer_close_libero90_t23_s12_r0_native_original160,drawer559_drawer_close_libero90_t23_s14_r0_native_original160,drawer559_drawer_close_libero90_t23_s21_r0_native_original160,drawer559_drawer_close_libero90_t23_s22_r0_native_original160,drawer559_drawer_close_libero90_t23_s30_r0_native_original160,drawer559_drawer_close_libero90_t23_s31_r0_native_original160,drawer559_drawer_close_libero90_t23_s35_r0_native_original160,drawer559_drawer_close_libero90_t23_s38_r0_native_original160,drawer559_drawer_close_libero90_t23_s39_r0_native_original160
original559_final100_close	-1.2519323223826455	100	31	69	11	7	0	13		drawer559_drawer_close_libero90_t22_s12_r0_native_original160,drawer559_drawer_close_libero90_t22_s15_r0_native_original160,drawer559_drawer_close_libero90_t22_s18_r0_native_original160,drawer559_drawer_close_libero90_t22_s29_r0_native_original160,drawer559_drawer_close_libero90_t22_s32_r0_native_original160,drawer559_drawer_close_libero90_t23_s12_r0_native_original160,drawer559_drawer_close_libero90_t23_s14_r0_native_original160,drawer559_drawer_close_libero90_t23_s21_r0_native_original160,drawer559_drawer_close_libero90_t23_s30_r0_native_original160,drawer559_drawer_close_libero90_t23_s31_r0_native_original160,drawer559_drawer_close_libero90_t23_s35_r0_native_original160,drawer559_drawer_close_libero90_t23_s38_r0_native_original160,drawer559_drawer_close_libero90_t23_s39_r0_native_original160
original559_final100_close	-1.2437685594515964	100	31	69	11	7	0	13		drawer559_drawer_close_libero90_t22_s12_r0_native_original160,drawer559_drawer_close_libero90_t22_s15_r0_native_original160,drawer559_drawer_close_libero90_t22_s18_r0_native_original160,drawer559_drawer_close_libero90_t22_s29_r0_native_original160,drawer559_drawer_close_libero90_t22_s32_r0_native_original160,drawer559_drawer_close_libero90_t23_s12_r0_native_original160,drawer559_drawer_close_libero90_t23_s14_r0_native_original160,drawer559_drawer_close_libero90_t23_s21_r0_native_original160,drawer559_drawer_close_libero90_t23_s30_r0_native_original160,drawer559_drawer_close_libero90_t23_s31_r0_native_original160,drawer559_drawer_close_libero90_t23_s35_r0_native_original160,drawer559_drawer_close_libero90_t23_s38_r0_native_original160,drawer559_drawer_close_libero90_t23_s39_r0_native_original160
original559_final100_close	-1.2356047965205474	100	31	69	12	7	0	12		drawer559_drawer_close_libero90_t22_s12_r0_native_original160,drawer559_drawer_close_libero90_t22_s15_r0_native_original160,drawer559_drawer_close_libero90_t22_s18_r0_native_original160,drawer559_drawer_close_libero90_t22_s29_r0_native_original160,drawer559_drawer_close_libero90_t22_s32_r0_native_original160,drawer559_drawer_close_libero90_t23_s12_r0_native_original160,drawer559_drawer_close_libero90_t23_s14_r0_native_original160,drawer559_drawer_close_libero90_t23_s21_r0_native_original160,drawer559_drawer_close_libero90_t23_s30_r0_native_original160,drawer559_drawer_close_libero90_t23_s31_r0_native_original160,drawer559_drawer_close_libero90_t23_s35_r0_native_original160,drawer559_drawer_close_libero90_t23_s38_r0_native_original160
original559_final100_close	-1.2353634357098424	100	31	69	12	7	0	12		drawer559_drawer_close_libero90_t22_s12_r0_native_original160,drawer559_drawer_close_libero90_t22_s15_r0_native_original160,drawer559_drawer_close_libero90_t22_s18_r0_native_original160,drawer559_drawer_close_libero90_t22_s29_r0_native_original160,drawer559_drawer_close_libero90_t22_s32_r0_native_original160,drawer559_drawer_close_libero90_t23_s12_r0_native_original160,drawer559_drawer_close_libero90_t23_s14_r0_native_original160,drawer559_drawer_close_libero90_t23_s21_r0_native_original160,drawer559_drawer_close_libero90_t23_s30_r0_native_original160,drawer559_drawer_close_libero90_t23_s31_r0_native_original160,drawer559_drawer_close_libero90_t23_s35_r0_native_original160,drawer559_drawer_close_libero90_t23_s38_r0_native_original160
original559_final100_close	-1.2351220748991374	100	31	69	13	7	0	11		drawer559_drawer_close_libero90_t22_s12_r0_native_original160,drawer559_drawer_close_libero90_t22_s15_r0_native_original160,drawer559_drawer_close_libero90_t22_s18_r0_native_original160,drawer559_drawer_close_libero90_t22_s29_r0_native_original160,drawer559_drawer_close_libero90_t22_s32_r0_native_original160,drawer559_drawer_close_libero90_t23_s12_r0_native_original160,drawer559_drawer_close_libero90_t23_s14_r0_native_original160,drawer559_drawer_close_libero90_t23_s21_r0_native_original160,drawer559_drawer_close_libero90_t23_s31_r0_native_original160,drawer559_drawer_close_libero90_t23_s35_r0_native_original160,drawer559_drawer_close_libero90_t23_s38_r0_native_original160
original559_final100_close	-1.1245784029473551	100	31	69	13	7	0	11		drawer559_drawer_close_libero90_t22_s12_r0_native_original160,drawer559_drawer_close_libero90_t22_s15_r0_native_original160,drawer559_drawer_close_libero90_t22_s18_r0_native_original160,drawer559_drawer_close_libero90_t22_s29_r0_native_original160,drawer559_drawer_close_libero90_t22_s32_r0_native_original160,drawer559_drawer_close_libero90_t23_s12_r0_native_original160,drawer559_drawer_close_libero90_t23_s14_r0_native_original160,drawer559_drawer_close_libero90_t23_s21_r0_native_original160,drawer559_drawer_close_libero90_t23_s31_r0_native_original160,drawer559_drawer_close_libero90_t23_s35_r0_native_original160,drawer559_drawer_close_libero90_t23_s38_r0_native_original160
original559_final100_close	-1.0140347309955728	100	31	69	14	7	0	10		drawer559_drawer_close_libero90_t22_s12_r0_native_original160,drawer559_drawer_close_libero90_t22_s15_r0_native_original160,drawer559_drawer_close_libero90_t22_s18_r0_native_original160,drawer559_drawer_close_libero90_t22_s29_r0_native_original160,drawer559_drawer_close_libero90_t23_s12_r0_native_original160,drawer559_drawer_close_libero90_t23_s14_r0_native_original160,drawer559_drawer_close_libero90_t23_s21_r0_native_original160,drawer559_drawer_close_libero90_t23_s31_r0_native_original160,drawer559_drawer_close_libero90_t23_s35_r0_native_original160,drawer559_drawer_close_libero90_t23_s38_r0_native_original160
original559_final100_close	-1.0	100	31	69	14	7	0	10		drawer559_drawer_close_libero90_t22_s12_r0_native_original160,drawer559_drawer_close_libero90_t22_s15_r0_native_original160,drawer559_drawer_close_libero90_t22_s18_r0_native_original160,drawer559_drawer_close_libero90_t22_s29_r0_native_original160,drawer559_drawer_close_libero90_t23_s12_r0_native_original160,drawer559_drawer_close_libero90_t23_s14_r0_native_original160,drawer559_drawer_close_libero90_t23_s21_r0_native_original160,drawer559_drawer_close_libero90_t23_s31_r0_native_original160,drawer559_drawer_close_libero90_t23_s35_r0_native_original160,drawer559_drawer_close_libero90_t23_s38_r0_native_original160
original559_final100_close	-0.8110538666675432	100	31	69	14	7	0	10		drawer559_drawer_close_libero90_t22_s12_r0_native_original160,drawer559_drawer_close_libero90_t22_s15_r0_native_original160,drawer559_drawer_close_libero90_t22_s18_r0_native_original160,drawer559_drawer_close_libero90_t22_s29_r0_native_original160,drawer559_drawer_close_libero90_t23_s12_r0_native_original160,drawer559_drawer_close_libero90_t23_s14_r0_native_original160,drawer559_drawer_close_libero90_t23_s21_r0_native_original160,drawer559_drawer_close_libero90_t23_s31_r0_native_original160,drawer559_drawer_close_libero90_t23_s35_r0_native_original160,drawer559_drawer_close_libero90_t23_s38_r0_native_original160
original559_final100_close	-0.6080730023395136	100	31	69	15	7	0	9		drawer559_drawer_close_libero90_t22_s12_r0_native_original160,drawer559_drawer_close_libero90_t22_s15_r0_native_original160,drawer559_drawer_close_libero90_t22_s18_r0_native_original160,drawer559_drawer_close_libero90_t22_s29_r0_native_original160,drawer559_drawer_close_libero90_t23_s12_r0_native_original160,drawer559_drawer_close_libero90_t23_s14_r0_native_original160,drawer559_drawer_close_libero90_t23_s21_r0_native_original160,drawer559_drawer_close_libero90_t23_s31_r0_native_original160,drawer559_drawer_close_libero90_t23_s35_r0_native_original160
original559_final100_close	-0.5346283639920477	100	31	69	15	7	0	9		drawer559_drawer_close_libero90_t22_s12_r0_native_original160,drawer559_drawer_close_libero90_t22_s15_r0_native_original160,drawer559_drawer_close_libero90_t22_s18_r0_native_original160,drawer559_drawer_close_libero90_t22_s29_r0_native_original160,drawer559_drawer_close_libero90_t23_s12_r0_native_original160,drawer559_drawer_close_libero90_t23_s14_r0_native_original160,drawer559_drawer_close_libero90_t23_s21_r0_native_original160,drawer559_drawer_close_libero90_t23_s31_r0_native_original160,drawer559_drawer_close_libero90_t23_s35_r0_native_original160
original559_final100_close	-0.5	100	31	69	15	7	0	9		drawer559_drawer_close_libero90_t22_s12_r0_native_original160,drawer559_drawer_close_libero90_t22_s15_r0_native_original160,drawer559_drawer_close_libero90_t22_s18_r0_native_original160,drawer559_drawer_close_libero90_t22_s29_r0_native_original160,drawer559_drawer_close_libero90_t23_s12_r0_native_original160,drawer559_drawer_close_libero90_t23_s14_r0_native_original160,drawer559_drawer_close_libero90_t23_s21_r0_native_original160,drawer559_drawer_close_libero90_t23_s31_r0_native_original160,drawer559_drawer_close_libero90_t23_s35_r0_native_original160
original559_final100_close	-0.4611837256445819	100	31	69	16	7	0	8		drawer559_drawer_close_libero90_t22_s15_r0_native_original160,drawer559_drawer_close_libero90_t22_s18_r0_native_original160,drawer559_drawer_close_libero90_t22_s29_r0_native_original160,drawer559_drawer_close_libero90_t23_s12_r0_native_original160,drawer559_drawer_close_libero90_t23_s14_r0_native_original160,drawer559_drawer_close_libero90_t23_s21_r0_native_original160,drawer559_drawer_close_libero90_t23_s31_r0_native_original160,drawer559_drawer_close_libero90_t23_s35_r0_native_original160
original559_final100_close	-0.3694232978280351	100	31	69	16	7	0	8		drawer559_drawer_close_libero90_t22_s15_r0_native_original160,drawer559_drawer_close_libero90_t22_s18_r0_native_original160,drawer559_drawer_close_libero90_t22_s29_r0_native_original160,drawer559_drawer_close_libero90_t23_s12_r0_native_original160,drawer559_drawer_close_libero90_t23_s14_r0_native_original160,drawer559_drawer_close_libero90_t23_s21_r0_native_original160,drawer559_drawer_close_libero90_t23_s31_r0_native_original160,drawer559_drawer_close_libero90_t23_s35_r0_native_original160
original559_final100_close	-0.2776628700114884	100	31	69	17	7	0	7		drawer559_drawer_close_libero90_t22_s18_r0_native_original160,drawer559_drawer_close_libero90_t22_s29_r0_native_original160,drawer559_drawer_close_libero90_t23_s12_r0_native_original160,drawer559_drawer_close_libero90_t23_s14_r0_native_original160,drawer559_drawer_close_libero90_t23_s21_r0_native_original160,drawer559_drawer_close_libero90_t23_s31_r0_native_original160,drawer559_drawer_close_libero90_t23_s35_r0_native_original160
original559_final100_close	-0.2477996547707486	100	31	69	17	7	0	7		drawer559_drawer_close_libero90_t22_s18_r0_native_original160,drawer559_drawer_close_libero90_t22_s29_r0_native_original160,drawer559_drawer_close_libero90_t23_s12_r0_native_original160,drawer559_drawer_close_libero90_t23_s14_r0_native_original160,drawer559_drawer_close_libero90_t23_s21_r0_native_original160,drawer559_drawer_close_libero90_t23_s31_r0_native_original160,drawer559_drawer_close_libero90_t23_s35_r0_native_original160
original559_final100_close	-0.2179364395300088	100	31	69	18	7	0	6		drawer559_drawer_close_libero90_t22_s18_r0_native_original160,drawer559_drawer_close_libero90_t22_s29_r0_native_original160,drawer559_drawer_close_libero90_t23_s12_r0_native_original160,drawer559_drawer_close_libero90_t23_s14_r0_native_original160,drawer559_drawer_close_libero90_t23_s21_r0_native_original160,drawer559_drawer_close_libero90_t23_s35_r0_native_original160
original559_final100_close	-0.19178633570939452	100	31	69	18	7	0	6		drawer559_drawer_close_libero90_t22_s18_r0_native_original160,drawer559_drawer_close_libero90_t22_s29_r0_native_original160,drawer559_drawer_close_libero90_t23_s12_r0_native_original160,drawer559_drawer_close_libero90_t23_s14_r0_native_original160,drawer559_drawer_close_libero90_t23_s21_r0_native_original160,drawer559_drawer_close_libero90_t23_s35_r0_native_original160
original559_final100_close	-0.16563623188878027	100	31	69	19	7	0	5		drawer559_drawer_close_libero90_t22_s18_r0_native_original160,drawer559_drawer_close_libero90_t22_s29_r0_native_original160,drawer559_drawer_close_libero90_t23_s14_r0_native_original160,drawer559_drawer_close_libero90_t23_s21_r0_native_original160,drawer559_drawer_close_libero90_t23_s35_r0_native_original160
original559_final100_close	-0.15179138446519738	100	31	69	19	7	0	5		drawer559_drawer_close_libero90_t22_s18_r0_native_original160,drawer559_drawer_close_libero90_t22_s29_r0_native_original160,drawer559_drawer_close_libero90_t23_s14_r0_native_original160,drawer559_drawer_close_libero90_t23_s21_r0_native_original160,drawer559_drawer_close_libero90_t23_s35_r0_native_original160
original559_final100_close	-0.13794653704161447	100	31	69	20	7	0	4		drawer559_drawer_close_libero90_t22_s18_r0_native_original160,drawer559_drawer_close_libero90_t22_s29_r0_native_original160,drawer559_drawer_close_libero90_t23_s21_r0_native_original160,drawer559_drawer_close_libero90_t23_s35_r0_native_original160
original559_final100_close	-0.13420356878697434	100	31	69	20	7	0	4		drawer559_drawer_close_libero90_t22_s18_r0_native_original160,drawer559_drawer_close_libero90_t22_s29_r0_native_original160,drawer559_drawer_close_libero90_t23_s21_r0_native_original160,drawer559_drawer_close_libero90_t23_s35_r0_native_original160
original559_final100_close	-0.1304606005323342	100	31	69	21	7	0	3		drawer559_drawer_close_libero90_t22_s18_r0_native_original160,drawer559_drawer_close_libero90_t22_s29_r0_native_original160,drawer559_drawer_close_libero90_t23_s21_r0_native_original160
original559_final100_close	-0.11261070504157025	100	31	69	21	7	0	3		drawer559_drawer_close_libero90_t22_s18_r0_native_original160,drawer559_drawer_close_libero90_t22_s29_r0_native_original160,drawer559_drawer_close_libero90_t23_s21_r0_native_original160
original559_final100_close	-0.09476080955080632	100	31	69	22	7	0	2		drawer559_drawer_close_libero90_t22_s18_r0_native_original160,drawer559_drawer_close_libero90_t22_s29_r0_native_original160
original559_final100_close	0.0	100	31	69	22	7	0	2		drawer559_drawer_close_libero90_t22_s18_r0_native_original160,drawer559_drawer_close_libero90_t22_s29_r0_native_original160
original559_final100_close	0.014006014320652968	100	31	69	22	7	0	2		drawer559_drawer_close_libero90_t22_s18_r0_native_original160,drawer559_drawer_close_libero90_t22_s29_r0_native_original160
original559_final100_close	0.12277283819211225	100	31	69	23	7	0	1		drawer559_drawer_close_libero90_t22_s29_r0_native_original160
original559_final100_close	0.18147488722101127	100	31	69	23	7	0	1		drawer559_drawer_close_libero90_t22_s29_r0_native_original160
original559_final100_close	0.24017693624991032	100	31	69	24	7	0	0		
original559_final100_close	0.5	100	31	69	24	7	0	0		
original559_final100_close	0.8651740430739508	100	31	69	24	7	0	0		
original559_final100_close	1.0	100	31	69	24	7	0	0		
original559_final100_close	1.4901711498979913	100	31	69	24	6	1	0	drawer559_drawer_close_libero90_t23_s36_r0_native_original160	
original559_final100_close	1.5	100	31	69	24	6	1	0	drawer559_drawer_close_libero90_t23_s36_r0_native_original160	
original559_final100_close	2.0	100	31	69	24	6	1	0	drawer559_drawer_close_libero90_t23_s36_r0_native_original160	
original559_final100_close	5.0	100	31	69	24	6	1	0	drawer559_drawer_close_libero90_t23_s36_r0_native_original160	
original559_final100_close	15.0	100	31	69	24	6	1	0	drawer559_drawer_close_libero90_t23_s36_r0_native_original160	
original559_final100_close	21.129801084215245	100	31	69	24	6	1	0	drawer559_drawer_close_libero90_t23_s36_r0_native_original160	
original559_final100_close	40.7694310185325	100	31	69	24	5	2	0	drawer559_drawer_close_libero90_t22_s24_r0_native_original160,drawer559_drawer_close_libero90_t23_s36_r0_native_original160	
original559_final100_close	44.62891938676017	100	31	69	24	5	2	0	drawer559_drawer_close_libero90_t22_s24_r0_native_original160,drawer559_drawer_close_libero90_t23_s36_r0_native_original160	
original559_final100_close	48.48840775498784	100	31	69	24	4	3	0	drawer559_drawer_close_libero90_t22_s24_r0_native_original160,drawer559_drawer_close_libero90_t22_s28_r0_native_original160,drawer559_drawer_close_libero90_t23_s36_r0_native_original160	
original559_final100_close	55.05201321864411	100	31	69	24	4	3	0	drawer559_drawer_close_libero90_t22_s24_r0_native_original160,drawer559_drawer_close_libero90_t22_s28_r0_native_original160,drawer559_drawer_close_libero90_t23_s36_r0_native_original160	
original559_final100_close	61.61561868230038	100	31	69	24	3	4	0	drawer559_drawer_close_libero90_t22_s24_r0_native_original160,drawer559_drawer_close_libero90_t22_s25_r0_native_original160,drawer559_drawer_close_libero90_t22_s28_r0_native_original160,drawer559_drawer_close_libero90_t23_s36_r0_native_original160	
original559_final100_close	61.80578682777023	100	31	69	24	3	4	0	drawer559_drawer_close_libero90_t22_s24_r0_native_original160,drawer559_drawer_close_libero90_t22_s25_r0_native_original160,drawer559_drawer_close_libero90_t22_s28_r0_native_original160,drawer559_drawer_close_libero90_t23_s36_r0_native_original160	
original559_final100_close	61.99595497324008	100	31	69	24	2	5	0	drawer559_drawer_close_libero90_t22_s22_r0_native_original160,drawer559_drawer_close_libero90_t22_s24_r0_native_original160,drawer559_drawer_close_libero90_t22_s25_r0_native_original160,drawer559_drawer_close_libero90_t22_s28_r0_native_original160,drawer559_drawer_close_libero90_t23_s36_r0_native_original160	
original559_final100_close	68.72199803707369	100	31	69	24	2	5	0	drawer559_drawer_close_libero90_t22_s22_r0_native_original160,drawer559_drawer_close_libero90_t22_s24_r0_native_original160,drawer559_drawer_close_libero90_t22_s25_r0_native_original160,drawer559_drawer_close_libero90_t22_s28_r0_native_original160,drawer559_drawer_close_libero90_t23_s36_r0_native_original160	
original559_final100_close	75.44804110090728	100	31	69	24	1	6	0	drawer559_drawer_close_libero90_t22_s22_r0_native_original160,drawer559_drawer_close_libero90_t22_s24_r0_native_original160,drawer559_drawer_close_libero90_t22_s25_r0_native_original160,drawer559_drawer_close_libero90_t22_s26_r0_native_original160,drawer559_drawer_close_libero90_t22_s28_r0_native_original160,drawer559_drawer_close_libero90_t23_s36_r0_native_original160	
original559_final100_close	79.7169975091522	100	31	69	24	1	6	0	drawer559_drawer_close_libero90_t22_s22_r0_native_original160,drawer559_drawer_close_libero90_t22_s24_r0_native_original160,drawer559_drawer_close_libero90_t22_s25_r0_native_original160,drawer559_drawer_close_libero90_t22_s26_r0_native_original160,drawer559_drawer_close_libero90_t22_s28_r0_native_original160,drawer559_drawer_close_libero90_t23_s36_r0_native_original160	
original559_final100_close	83.98595391739711	100	31	69	24	0	7	0	drawer559_drawer_close_libero90_t22_s22_r0_native_original160,drawer559_drawer_close_libero90_t22_s24_r0_native_original160,drawer559_drawer_close_libero90_t22_s25_r0_native_original160,drawer559_drawer_close_libero90_t22_s26_r0_native_original160,drawer559_drawer_close_libero90_t22_s28_r0_native_original160,drawer559_drawer_close_libero90_t22_s38_r0_native_original160,drawer559_drawer_close_libero90_t23_s36_r0_native_original160	
original559_final100_close	83.98595491739711	100	31	69	24	0	7	0	drawer559_drawer_close_libero90_t22_s22_r0_native_original160,drawer559_drawer_close_libero90_t22_s24_r0_native_original160,drawer559_drawer_close_libero90_t22_s25_r0_native_original160,drawer559_drawer_close_libero90_t22_s26_r0_native_original160,drawer559_drawer_close_libero90_t22_s28_r0_native_original160,drawer559_drawer_close_libero90_t22_s38_r0_native_original160,drawer559_drawer_close_libero90_t23_s36_r0_native_original160	
4319_final10_close	-15.0	10	9	1	0	3	0	6		drawer565_drawer_close_libero90_t0_s10_r0_native_clearance_v8_160,drawer565_drawer_close_libero90_t0_s30_r0_native_clearance_v8_160,drawer565_drawer_close_libero90_t22_s10_r0_native_clearance_v8_160,drawer565_drawer_close_libero90_t23_s10_r0_native_clearance_v8_160,drawer565_drawer_close_libero90_t23_s30_r0_native_clearance_v8_160,drawer565_drawer_close_libero90_t28_s10_r0_native_clearance_v8_160
4319_final10_close	-10.0	10	9	1	0	3	0	6		drawer565_drawer_close_libero90_t0_s10_r0_native_clearance_v8_160,drawer565_drawer_close_libero90_t0_s30_r0_native_clearance_v8_160,drawer565_drawer_close_libero90_t22_s10_r0_native_clearance_v8_160,drawer565_drawer_close_libero90_t23_s10_r0_native_clearance_v8_160,drawer565_drawer_close_libero90_t23_s30_r0_native_clearance_v8_160,drawer565_drawer_close_libero90_t28_s10_r0_native_clearance_v8_160
4319_final10_close	-5.0	10	9	1	0	3	0	6		drawer565_drawer_close_libero90_t0_s10_r0_native_clearance_v8_160,drawer565_drawer_close_libero90_t0_s30_r0_native_clearance_v8_160,drawer565_drawer_close_libero90_t22_s10_r0_native_clearance_v8_160,drawer565_drawer_close_libero90_t23_s10_r0_native_clearance_v8_160,drawer565_drawer_close_libero90_t23_s30_r0_native_clearance_v8_160,drawer565_drawer_close_libero90_t28_s10_r0_native_clearance_v8_160
4319_final10_close	-2.0	10	9	1	0	3	0	6		drawer565_drawer_close_libero90_t0_s10_r0_native_clearance_v8_160,drawer565_drawer_close_libero90_t0_s30_r0_native_clearance_v8_160,drawer565_drawer_close_libero90_t22_s10_r0_native_clearance_v8_160,drawer565_drawer_close_libero90_t23_s10_r0_native_clearance_v8_160,drawer565_drawer_close_libero90_t23_s30_r0_native_clearance_v8_160,drawer565_drawer_close_libero90_t28_s10_r0_native_clearance_v8_160
4319_final10_close	-1.708985375	10	9	1	0	3	0	6		drawer565_drawer_close_libero90_t0_s10_r0_native_clearance_v8_160,drawer565_drawer_close_libero90_t0_s30_r0_native_clearance_v8_160,drawer565_drawer_close_libero90_t22_s10_r0_native_clearance_v8_160,drawer565_drawer_close_libero90_t23_s10_r0_native_clearance_v8_160,drawer565_drawer_close_libero90_t23_s30_r0_native_clearance_v8_160,drawer565_drawer_close_libero90_t28_s10_r0_native_clearance_v8_160
4319_final10_close	-1.708984375	10	9	1	1	3	0	5		drawer565_drawer_close_libero90_t0_s10_r0_native_clearance_v8_160,drawer565_drawer_close_libero90_t0_s30_r0_native_clearance_v8_160,drawer565_drawer_close_libero90_t23_s10_r0_native_clearance_v8_160,drawer565_drawer_close_libero90_t23_s30_r0_native_clearance_v8_160,drawer565_drawer_close_libero90_t28_s10_r0_native_clearance_v8_160
4319_final10_close	-1.64794921875	10	9	1	1	3	0	5		drawer565_drawer_close_libero90_t0_s10_r0_native_clearance_v8_160,drawer565_drawer_close_libero90_t0_s30_r0_native_clearance_v8_160,drawer565_drawer_close_libero90_t23_s10_r0_native_clearance_v8_160,drawer565_drawer_close_libero90_t23_s30_r0_native_clearance_v8_160,drawer565_drawer_close_libero90_t28_s10_r0_native_clearance_v8_160
4319_final10_close	-1.5869140625	10	9	1	2	3	0	4		drawer565_drawer_close_libero90_t0_s30_r0_native_clearance_v8_160,drawer565_drawer_close_libero90_t23_s10_r0_native_clearance_v8_160,drawer565_drawer_close_libero90_t23_s30_r0_native_clearance_v8_160,drawer565_drawer_close_libero90_t28_s10_r0_native_clearance_v8_160
4319_final10_close	-1.52587890625	10	9	1	2	3	0	4		drawer565_drawer_close_libero90_t0_s30_r0_native_clearance_v8_160,drawer565_drawer_close_libero90_t23_s10_r0_native_clearance_v8_160,drawer565_drawer_close_libero90_t23_s30_r0_native_clearance_v8_160,drawer565_drawer_close_libero90_t28_s10_r0_native_clearance_v8_160
4319_final10_close	-1.46484375	10	9	1	3	3	0	3		drawer565_drawer_close_libero90_t23_s10_r0_native_clearance_v8_160,drawer565_drawer_close_libero90_t23_s30_r0_native_clearance_v8_160,drawer565_drawer_close_libero90_t28_s10_r0_native_clearance_v8_160
4319_final10_close	-1.40380859375	10	9	1	3	3	0	3		drawer565_drawer_close_libero90_t23_s10_r0_native_clearance_v8_160,drawer565_drawer_close_libero90_t23_s30_r0_native_clearance_v8_160,drawer565_drawer_close_libero90_t28_s10_r0_native_clearance_v8_160
4319_final10_close	-1.3427734375	10	9	1	4	3	0	2		drawer565_drawer_close_libero90_t23_s10_r0_native_clearance_v8_160,drawer565_drawer_close_libero90_t28_s10_r0_native_clearance_v8_160
4319_final10_close	-1.15966796875	10	9	1	4	3	0	2		drawer565_drawer_close_libero90_t23_s10_r0_native_clearance_v8_160,drawer565_drawer_close_libero90_t28_s10_r0_native_clearance_v8_160
4319_final10_close	-1.0	10	9	1	4	3	0	2		drawer565_drawer_close_libero90_t23_s10_r0_native_clearance_v8_160,drawer565_drawer_close_libero90_t28_s10_r0_native_clearance_v8_160
4319_final10_close	-0.9765625	10	9	1	5	3	0	1		drawer565_drawer_close_libero90_t23_s10_r0_native_clearance_v8_160
4319_final10_close	-0.91552734375	10	9	1	5	3	0	1		drawer565_drawer_close_libero90_t23_s10_r0_native_clearance_v8_160
4319_final10_close	-0.8544921875	10	9	1	6	3	0	0		
4319_final10_close	-0.5	10	9	1	6	3	0	0		
4319_final10_close	0.0	10	9	1	6	3	0	0		
4319_final10_close	0.24017693624991032	10	9	1	6	3	0	0		
4319_final10_close	0.5	10	9	1	6	3	0	0		
4319_final10_close	1.0	10	9	1	6	3	0	0		
4319_final10_close	1.03759765625	10	9	1	6	3	0	0		
4319_final10_close	1.5	10	9	1	6	3	0	0		
4319_final10_close	2.0	10	9	1	6	3	0	0		
4319_final10_close	2.9296875	10	9	1	6	2	1	0	drawer565_drawer_close_libero90_t22_s20_r0_native_clearance_v8_160	
4319_final10_close	5.0	10	9	1	6	2	1	0	drawer565_drawer_close_libero90_t22_s20_r0_native_clearance_v8_160	
4319_final10_close	15.0	10	9	1	6	2	1	0	drawer565_drawer_close_libero90_t22_s20_r0_native_clearance_v8_160	
4319_final10_close	80.352783203125	10	9	1	6	2	1	0	drawer565_drawer_close_libero90_t22_s20_r0_native_clearance_v8_160	
4319_final10_close	157.77587890625	10	9	1	6	1	2	0	drawer565_drawer_close_libero90_t22_s20_r0_native_clearance_v8_160,drawer565_drawer_close_libero90_t23_s20_r0_native_clearance_v8_160	
4319_final10_close	159.2254638671875	10	9	1	6	1	2	0	drawer565_drawer_close_libero90_t22_s20_r0_native_clearance_v8_160,drawer565_drawer_close_libero90_t23_s20_r0_native_clearance_v8_160	
4319_final10_close	160.675048828125	10	9	1	6	0	3	0	drawer565_drawer_close_libero90_t22_s20_r0_native_clearance_v8_160,drawer565_drawer_close_libero90_t22_s30_r0_native_clearance_v8_160,drawer565_drawer_close_libero90_t23_s20_r0_native_clearance_v8_160	
4319_final10_close	160.675049828125	10	9	1	6	0	3	0	drawer565_drawer_close_libero90_t22_s20_r0_native_clearance_v8_160,drawer565_drawer_close_libero90_t22_s30_r0_native_clearance_v8_160,drawer565_drawer_close_libero90_t23_s20_r0_native_clearance_v8_160	
4319_callback_close	-15.0	75	28	47	0	12	0	16		drawer565_drawer_close_libero90_t0_s10_r0_native_clearance_v8_160,drawer565_drawer_close_libero90_t0_s30_r0_native_clearance_v8_160,drawer565_drawer_close_libero90_t22_s10_r0_native_clearance_v8_160,drawer565_drawer_close_libero90_t22_s20_r0_native_clearance_v8_160,drawer565_drawer_close_libero90_t22_s30_r0_native_clearance_v8_160,drawer565_drawer_close_libero90_t23_s10_r0_native_clearance_v8_160,drawer565_drawer_close_libero90_t23_s30_r0_native_clearance_v8_160,drawer565_drawer_close_libero90_t28_s10_r0_native_clearance_v8_160
4319_callback_close	-14.7705088125	75	28	47	0	12	0	16		drawer565_drawer_close_libero90_t0_s10_r0_native_clearance_v8_160,drawer565_drawer_close_libero90_t0_s30_r0_native_clearance_v8_160,drawer565_drawer_close_libero90_t22_s10_r0_native_clearance_v8_160,drawer565_drawer_close_libero90_t22_s20_r0_native_clearance_v8_160,drawer565_drawer_close_libero90_t22_s30_r0_native_clearance_v8_160,drawer565_drawer_close_libero90_t23_s10_r0_native_clearance_v8_160,drawer565_drawer_close_libero90_t23_s30_r0_native_clearance_v8_160,drawer565_drawer_close_libero90_t28_s10_r0_native_clearance_v8_160
4319_callback_close	-14.7705078125	75	28	47	0	11	1	16	drawer565_drawer_close_libero90_t22_s30_r0_native_clearance_v8_160	drawer565_drawer_close_libero90_t0_s10_r0_native_clearance_v8_160,drawer565_drawer_close_libero90_t0_s30_r0_native_clearance_v8_160,drawer565_drawer_close_libero90_t22_s10_r0_native_clearance_v8_160,drawer565_drawer_close_libero90_t22_s20_r0_native_clearance_v8_160,drawer565_drawer_close_libero90_t22_s30_r0_native_clearance_v8_160,drawer565_drawer_close_libero90_t23_s10_r0_native_clearance_v8_160,drawer565_drawer_close_libero90_t23_s30_r0_native_clearance_v8_160,drawer565_drawer_close_libero90_t28_s10_r0_native_clearance_v8_160
4319_callback_close	-11.90185546875	75	28	47	0	11	1	16	drawer565_drawer_close_libero90_t22_s30_r0_native_clearance_v8_160	drawer565_drawer_close_libero90_t0_s10_r0_native_clearance_v8_160,drawer565_drawer_close_libero90_t0_s30_r0_native_clearance_v8_160,drawer565_drawer_close_libero90_t22_s10_r0_native_clearance_v8_160,drawer565_drawer_close_libero90_t22_s20_r0_native_clearance_v8_160,drawer565_drawer_close_libero90_t22_s30_r0_native_clearance_v8_160,drawer565_drawer_close_libero90_t23_s10_r0_native_clearance_v8_160,drawer565_drawer_close_libero90_t23_s30_r0_native_clearance_v8_160,drawer565_drawer_close_libero90_t28_s10_r0_native_clearance_v8_160
4319_callback_close	-10.0	75	28	47	0	11	1	16	drawer565_drawer_close_libero90_t22_s30_r0_native_clearance_v8_160	drawer565_drawer_close_libero90_t0_s10_r0_native_clearance_v8_160,drawer565_drawer_close_libero90_t0_s30_r0_native_clearance_v8_160,drawer565_drawer_close_libero90_t22_s10_r0_native_clearance_v8_160,drawer565_drawer_close_libero90_t22_s20_r0_native_clearance_v8_160,drawer565_drawer_close_libero90_t22_s30_r0_native_clearance_v8_160,drawer565_drawer_close_libero90_t23_s10_r0_native_clearance_v8_160,drawer565_drawer_close_libero90_t23_s30_r0_native_clearance_v8_160,drawer565_drawer_close_libero90_t28_s10_r0_native_clearance_v8_160
4319_callback_close	-9.033203125	75	28	47	0	10	2	16	drawer565_drawer_close_libero90_t22_s30_r0_native_clearance_v8_160,drawer565_drawer_close_libero90_t23_s20_r0_native_clearance_v8_160	drawer565_drawer_close_libero90_t0_s10_r0_native_clearance_v8_160,drawer565_drawer_close_libero90_t0_s30_r0_native_clearance_v8_160,drawer565_drawer_close_libero90_t22_s10_r0_native_clearance_v8_160,drawer565_drawer_close_libero90_t22_s20_r0_native_clearance_v8_160,drawer565_drawer_close_libero90_t22_s30_r0_native_clearance_v8_160,drawer565_drawer_close_libero90_t23_s10_r0_native_clearance_v8_160,drawer565_drawer_close_libero90_t23_s30_r0_native_clearance_v8_160,drawer565_drawer_close_libero90_t28_s10_r0_native_clearance_v8_160
4319_callback_close	-8.85009765625	75	28	47	0	10	2	16	drawer565_drawer_close_libero90_t22_s30_r0_native_clearance_v8_160,drawer565_drawer_close_libero90_t23_s20_r0_native_clearance_v8_160	drawer565_drawer_close_libero90_t0_s10_r0_native_clearance_v8_160,drawer565_drawer_close_libero90_t0_s30_r0_native_clearance_v8_160,drawer565_drawer_close_libero90_t22_s10_r0_native_clearance_v8_160,drawer565_drawer_close_libero90_t22_s20_r0_native_clearance_v8_160,drawer565_drawer_close_libero90_t22_s30_r0_native_clearance_v8_160,drawer565_drawer_close_libero90_t23_s10_r0_native_clearance_v8_160,drawer565_drawer_close_libero90_t23_s30_r0_native_clearance_v8_160,drawer565_drawer_close_libero90_t28_s10_r0_native_clearance_v8_160
4319_callback_close	-8.6669921875	75	28	47	0	9	3	16	drawer565_drawer_close_libero90_t22_s30_r0_native_clearance_v8_160,drawer565_drawer_close_libero90_t23_s20_r0_native_clearance_v8_160	drawer565_drawer_close_libero90_t0_s10_r0_native_clearance_v8_160,drawer565_drawer_close_libero90_t0_s30_r0_native_clearance_v8_160,drawer565_drawer_close_libero90_t22_s10_r0_native_clearance_v8_160,drawer565_drawer_close_libero90_t22_s20_r0_native_clearance_v8_160,drawer565_drawer_close_libero90_t22_s30_r0_native_clearance_v8_160,drawer565_drawer_close_libero90_t23_s10_r0_native_clearance_v8_160,drawer565_drawer_close_libero90_t23_s30_r0_native_clearance_v8_160,drawer565_drawer_close_libero90_t28_s10_r0_native_clearance_v8_160
4319_callback_close	-5.43212890625	75	28	47	0	9	3	16	drawer565_drawer_close_libero90_t22_s30_r0_native_clearance_v8_160,drawer565_drawer_close_libero90_t23_s20_r0_native_clearance_v8_160	drawer565_drawer_close_libero90_t0_s10_r0_native_clearance_v8_160,drawer565_drawer_close_libero90_t0_s30_r0_native_clearance_v8_160,drawer565_drawer_close_libero90_t22_s10_r0_native_clearance_v8_160,drawer565_drawer_close_libero90_t22_s20_r0_native_clearance_v8_160,drawer565_drawer_close_libero90_t22_s30_r0_native_clearance_v8_160,drawer565_drawer_close_libero90_t23_s10_r0_native_clearance_v8_160,drawer565_drawer_close_libero90_t23_s30_r0_native_clearance_v8_160,drawer565_drawer_close_libero90_t28_s10_r0_native_clearance_v8_160
4319_callback_close	-5.0	75	28	47	0	9	3	16	drawer565_drawer_close_libero90_t22_s30_r0_native_clearance_v8_160,drawer565_drawer_close_libero90_t23_s20_r0_native_clearance_v8_160	drawer565_drawer_close_libero90_t0_s10_r0_native_clearance_v8_160,drawer565_drawer_close_libero90_t0_s30_r0_native_clearance_v8_160,drawer565_drawer_close_libero90_t22_s10_r0_native_clearance_v8_160,drawer565_drawer_close_libero90_t22_s20_r0_native_clearance_v8_160,drawer565_drawer_close_libero90_t22_s30_r0_native_clearance_v8_160,drawer565_drawer_close_libero90_t23_s10_r0_native_clearance_v8_160,drawer565_drawer_close_libero90_t23_s30_r0_native_clearance_v8_160,drawer565_drawer_close_libero90_t28_s10_r0_native_clearance_v8_160
4319_callback_close	-2.197265625	75	28	47	1	9	3	15	drawer565_drawer_close_libero90_t22_s30_r0_native_clearance_v8_160,drawer565_drawer_close_libero90_t23_s20_r0_native_clearance_v8_160	drawer565_drawer_close_libero90_t0_s10_r0_native_clearance_v8_160,drawer565_drawer_close_libero90_t0_s30_r0_native_clearance_v8_160,drawer565_drawer_close_libero90_t22_s10_r0_native_clearance_v8_160,drawer565_drawer_close_libero90_t22_s20_r0_native_clearance_v8_160,drawer565_drawer_close_libero90_t22_s30_r0_native_clearance_v8_160,drawer565_drawer_close_libero90_t23_s10_r0_native_clearance_v8_160,drawer565_drawer_close_libero90_t23_s30_r0_native_clearance_v8_160,drawer565_drawer_close_libero90_t28_s10_r0_native_clearance_v8_160
4319_callback_close	-2.01416015625	75	28	47	1	9	3	15	drawer565_drawer_close_libero90_t22_s30_r0_native_clearance_v8_160,drawer565_drawer_close_libero90_t23_s20_r0_native_clearance_v8_160	drawer565_drawer_close_libero90_t0_s10_r0_native_clearance_v8_160,drawer565_drawer_close_libero90_t0_s30_r0_native_clearance_v8_160,drawer565_drawer_close_libero90_t22_s10_r0_native_clearance_v8_160,drawer565_drawer_close_libero90_t22_s20_r0_native_clearance_v8_160,drawer565_drawer_close_libero90_t22_s30_r0_native_clearance_v8_160,drawer565_drawer_close_libero90_t23_s10_r0_native_clearance_v8_160,drawer565_drawer_close_libero90_t23_s30_r0_native_clearance_v8_160,drawer565_drawer_close_libero90_t28_s10_r0_native_clearance_v8_160
4319_callback_close	-2.0	75	28	47	1	9	3	15	drawer565_drawer_close_libero90_t22_s30_r0_native_clearance_v8_160,drawer565_drawer_close_libero90_t23_s20_r0_native_clearance_v8_160	drawer565_drawer_close_libero90_t0_s10_r0_native_clearance_v8_160,drawer565_drawer_close_libero90_t0_s30_r0_native_clearance_v8_160,drawer565_drawer_close_libero90_t22_s10_r0_native_clearance_v8_160,drawer565_drawer_close_libero90_t22_s20_r0_native_clearance_v8_160,drawer565_drawer_close_libero90_t22_s30_r0_native_clearance_v8_160,drawer565_drawer_close_libero90_t23_s10_r0_native_clearance_v8_160,drawer565_drawer_close_libero90_t23_s30_r0_native_clearance_v8_160,drawer565_drawer_close_libero90_t28_s10_r0_native_clearance_v8_160
4319_callback_close	-1.8310546875	75	28	47	3	9	3	13	drawer565_drawer_close_libero90_t22_s30_r0_native_clearance_v8_160,drawer565_drawer_close_libero90_t23_s20_r0_native_clearance_v8_160	drawer565_drawer_close_libero90_t0_s10_r0_native_clearance_v8_160,drawer565_drawer_close_libero90_t0_s30_r0_native_clearance_v8_160,drawer565_drawer_close_libero90_t22_s10_r0_native_clearance_v8_160,drawer565_drawer_close_libero90_t22_s20_r0_native_clearance_v8_160,drawer565_drawer_close_libero90_t22_s30_r0_native_clearance_v8_160,drawer565_drawer_close_libero90_t23_s10_r0_native_clearance_v8_160,drawer565_drawer_close_libero90_t28_s10_r0_native_clearance_v8_160
4319_callback_close	-1.708984375	75	28	47	3	9	3	13	drawer565_drawer_close_libero90_t22_s30_r0_native_clearance_v8_160,drawer565_drawer_close_libero90_t23_s20_r0_native_clearance_v8_160	drawer565_drawer_close_libero90_t0_s10_r0_native_clearance_v8_160,drawer565_drawer_close_libero90_t0_s30_r0_native_clearance_v8_160,drawer565_drawer_close_libero90_t22_s10_r0_native_clearance_v8_160,drawer565_drawer_close_libero90_t22_s20_r0_native_clearance_v8_160,drawer565_drawer_close_libero90_t22_s30_r0_native_clearance_v8_160,drawer565_drawer_close_libero90_t23_s10_r0_native_clearance_v8_160,drawer565_drawer_close_libero90_t28_s10_r0_native_clearance_v8_160
4319_callback_close	-1.5869140625	75	28	47	4	9	3	12	drawer565_drawer_close_libero90_t22_s30_r0_native_clearance_v8_160,drawer565_drawer_close_libero90_t23_s20_r0_native_clearance_v8_160	drawer565_drawer_close_libero90_t0_s30_r0_native_clearance_v8_160,drawer565_drawer_close_libero90_t22_s10_r0_native_clearance_v8_160,drawer565_drawer_close_libero90_t22_s20_r0_native_clearance_v8_160,drawer565_drawer_close_libero90_t22_s30_r0_native_clearance_v8_160,drawer565_drawer_close_libero90_t23_s10_r0_native_clearance_v8_160,drawer565_drawer_close_libero90_t28_s10_r0_native_clearance_v8_160
4319_callback_close	-1.52587890625	75	28	47	4	9	3	12	drawer565_drawer_close_libero90_t22_s30_r0_native_clearance_v8_160,drawer565_drawer_close_libero90_t23_s20_r0_native_clearance_v8_160	drawer565_drawer_close_libero90_t0_s30_r0_native_clearance_v8_160,drawer565_drawer_close_libero90_t22_s10_r0_native_clearance_v8_160,drawer565_drawer_close_libero90_t22_s20_r0_native_clearance_v8_160,drawer565_drawer_close_libero90_t22_s30_r0_native_clearance_v8_160,drawer565_drawer_close_libero90_t23_s10_r0_native_clearance_v8_160,drawer565_drawer_close_libero90_t28_s10_r0_native_clearance_v8_160
4319_callback_close	-1.46484375	75	28	47	10	9	3	6	drawer565_drawer_close_libero90_t22_s30_r0_native_clearance_v8_160,drawer565_drawer_close_libero90_t23_s20_r0_native_clearance_v8_160	drawer565_drawer_close_libero90_t22_s20_r0_native_clearance_v8_160,drawer565_drawer_close_libero90_t22_s30_r0_native_clearance_v8_160,drawer565_drawer_close_libero90_t23_s10_r0_native_clearance_v8_160
4319_callback_close	-1.3427734375	75	28	47	10	9	3	6	drawer565_drawer_close_libero90_t22_s30_r0_native_clearance_v8_160,drawer565_drawer_close_libero90_t23_s20_r0_native_clearance_v8_160	drawer565_drawer_close_libero90_t22_s20_r0_native_clearance_v8_160,drawer565_drawer_close_libero90_t22_s30_r0_native_clearance_v8_160,drawer565_drawer_close_libero90_t23_s10_r0_native_clearance_v8_160
4319_callback_close	-1.220703125	75	28	47	11	9	3	5	drawer565_drawer_close_libero90_t22_s30_r0_native_clearance_v8_160,drawer565_drawer_close_libero90_t23_s20_r0_native_clearance_v8_160	drawer565_drawer_close_libero90_t22_s20_r0_native_clearance_v8_160,drawer565_drawer_close_libero90_t22_s30_r0_native_clearance_v8_160,drawer565_drawer_close_libero90_t23_s10_r0_native_clearance_v8_160
4319_callback_close	-1.0	75	28	47	11	9	3	5	drawer565_drawer_close_libero90_t22_s30_r0_native_clearance_v8_160,drawer565_drawer_close_libero90_t23_s20_r0_native_clearance_v8_160	drawer565_drawer_close_libero90_t22_s20_r0_native_clearance_v8_160,drawer565_drawer_close_libero90_t22_s30_r0_native_clearance_v8_160,drawer565_drawer_close_libero90_t23_s10_r0_native_clearance_v8_160
4319_callback_close	-0.9765625	75	28	47	11	9	3	5	drawer565_drawer_close_libero90_t22_s30_r0_native_clearance_v8_160,drawer565_drawer_close_libero90_t23_s20_r0_native_clearance_v8_160	drawer565_drawer_close_libero90_t22_s20_r0_native_clearance_v8_160,drawer565_drawer_close_libero90_t22_s30_r0_native_clearance_v8_160,drawer565_drawer_close_libero90_t23_s10_r0_native_clearance_v8_160
4319_callback_close	-0.732421875	75	28	47	12	9	3	4	drawer565_drawer_close_libero90_t22_s30_r0_native_clearance_v8_160,drawer565_drawer_close_libero90_t23_s20_r0_native_clearance_v8_160	drawer565_drawer_close_libero90_t22_s20_r0_native_clearance_v8_160,drawer565_drawer_close_libero90_t22_s30_r0_native_clearance_v8_160,drawer565_drawer_close_libero90_t23_s10_r0_native_clearance_v8_160
4319_callback_close	-0.6103515625	75	28	47	12	9	3	4	drawer565_drawer_close_libero90_t22_s30_r0_native_clearance_v8_160,drawer565_drawer_close_libero90_t23_s20_r0_native_clearance_v8_160	drawer565_drawer_close_libero90_t22_s20_r0_native_clearance_v8_160,drawer565_drawer_close_libero90_t22_s30_r0_native_clearance_v8_160,drawer565_drawer_close_libero90_t23_s10_r0_native_clearance_v8_160
4319_callback_close	-0.5	75	28	47	12	9	3	4	drawer565_drawer_close_libero90_t22_s30_r0_native_clearance_v8_160,drawer565_drawer_close_libero90_t23_s20_r0_native_clearance_v8_160	drawer565_drawer_close_libero90_t22_s20_r0_native_clearance_v8_160,drawer565_drawer_close_libero90_t22_s30_r0_native_clearance_v8_160,drawer565_drawer_close_libero90_t23_s10_r0_native_clearance_v8_160
4319_callback_close	-0.48828125	75	28	47	14	9	3	2	drawer565_drawer_close_libero90_t22_s30_r0_native_clearance_v8_160,drawer565_drawer_close_libero90_t23_s20_r0_native_clearance_v8_160	drawer565_drawer_close_libero90_t22_s20_r0_native_clearance_v8_160,drawer565_drawer_close_libero90_t22_s30_r0_native_clearance_v8_160
4319_callback_close	-0.30517578125	75	28	47	14	9	3	2	drawer565_drawer_close_libero90_t22_s30_r0_native_clearance_v8_160,drawer565_drawer_close_libero90_t23_s20_r0_native_clearance_v8_160	drawer565_drawer_close_libero90_t22_s20_r0_native_clearance_v8_160,drawer565_drawer_close_libero90_t22_s30_r0_native_clearance_v8_160
4319_callback_close	-0.1220703125	75	28	47	15	9	3	1	drawer565_drawer_close_libero90_t22_s30_r0_native_clearance_v8_160,drawer565_drawer_close_libero90_t23_s20_r0_native_clearance_v8_160	drawer565_drawer_close_libero90_t22_s20_r0_native_clearance_v8_160
4319_callback_close	0.0	75	28	47	15	9	3	1	drawer565_drawer_close_libero90_t22_s30_r0_native_clearance_v8_160,drawer565_drawer_close_libero90_t23_s20_r0_native_clearance_v8_160	drawer565_drawer_close_libero90_t22_s20_r0_native_clearance_v8_160
4319_callback_close	0.06103515625	75	28	47	15	9	3	1	drawer565_drawer_close_libero90_t22_s30_r0_native_clearance_v8_160,drawer565_drawer_close_libero90_t23_s20_r0_native_clearance_v8_160	drawer565_drawer_close_libero90_t22_s20_r0_native_clearance_v8_160
4319_callback_close	0.24017693624991032	75	28	47	15	9	3	1	drawer565_drawer_close_libero90_t22_s30_r0_native_clearance_v8_160,drawer565_drawer_close_libero90_t23_s20_r0_native_clearance_v8_160	drawer565_drawer_close_libero90_t22_s20_r0_native_clearance_v8_160
4319_callback_close	0.244140625	75	28	47	16	8	4	0	drawer565_drawer_close_libero90_t22_s20_r0_native_clearance_v8_160,drawer565_drawer_close_libero90_t22_s30_r0_native_clearance_v8_160,drawer565_drawer_close_libero90_t23_s20_r0_native_clearance_v8_160	
4319_callback_close	0.42724609375	75	28	47	16	8	4	0	drawer565_drawer_close_libero90_t22_s20_r0_native_clearance_v8_160,drawer565_drawer_close_libero90_t22_s30_r0_native_clearance_v8_160,drawer565_drawer_close_libero90_t23_s20_r0_native_clearance_v8_160	
4319_callback_close	0.5	75	28	47	16	8	4	0	drawer565_drawer_close_libero90_t22_s20_r0_native_clearance_v8_160,drawer565_drawer_close_libero90_t22_s30_r0_native_clearance_v8_160,drawer565_drawer_close_libero90_t23_s20_r0_native_clearance_v8_160	
4319_callback_close	0.6103515625	75	28	47	16	7	5	0	drawer565_drawer_close_libero90_t22_s20_r0_native_clearance_v8_160,drawer565_drawer_close_libero90_t22_s30_r0_native_clearance_v8_160,drawer565_drawer_close_libero90_t23_s20_r0_native_clearance_v8_160	
4319_callback_close	1.0	75	28	47	16	7	5	0	drawer565_drawer_close_libero90_t22_s20_r0_native_clearance_v8_160,drawer565_drawer_close_libero90_t22_s30_r0_native_clearance_v8_160,drawer565_drawer_close_libero90_t23_s20_r0_native_clearance_v8_160	
4319_callback_close	1.5	75	28	47	16	7	5	0	drawer565_drawer_close_libero90_t22_s20_r0_native_clearance_v8_160,drawer565_drawer_close_libero90_t22_s30_r0_native_clearance_v8_160,drawer565_drawer_close_libero90_t23_s20_r0_native_clearance_v8_160	
4319_callback_close	2.0	75	28	47	16	7	5	0	drawer565_drawer_close_libero90_t22_s20_r0_native_clearance_v8_160,drawer565_drawer_close_libero90_t22_s30_r0_native_clearance_v8_160,drawer565_drawer_close_libero90_t23_s20_r0_native_clearance_v8_160	
4319_callback_close	5.0	75	28	47	16	7	5	0	drawer565_drawer_close_libero90_t22_s20_r0_native_clearance_v8_160,drawer565_drawer_close_libero90_t22_s30_r0_native_clearance_v8_160,drawer565_drawer_close_libero90_t23_s20_r0_native_clearance_v8_160	
4319_callback_close	15.0	75	28	47	16	7	5	0	drawer565_drawer_close_libero90_t22_s20_r0_native_clearance_v8_160,drawer565_drawer_close_libero90_t22_s30_r0_native_clearance_v8_160,drawer565_drawer_close_libero90_t23_s20_r0_native_clearance_v8_160	
4319_callback_close	19.775390625	75	28	47	16	7	5	0	drawer565_drawer_close_libero90_t22_s20_r0_native_clearance_v8_160,drawer565_drawer_close_libero90_t22_s30_r0_native_clearance_v8_160,drawer565_drawer_close_libero90_t23_s20_r0_native_clearance_v8_160	
4319_callback_close	38.9404296875	75	28	47	16	6	6	0	drawer565_drawer_close_libero90_t0_s30_r0_native_clearance_v8_160,drawer565_drawer_close_libero90_t22_s20_r0_native_clearance_v8_160,drawer565_drawer_close_libero90_t22_s30_r0_native_clearance_v8_160,drawer565_drawer_close_libero90_t23_s20_r0_native_clearance_v8_160	
4319_callback_close	40.1611328125	75	28	47	16	6	6	0	drawer565_drawer_close_libero90_t0_s30_r0_native_clearance_v8_160,drawer565_drawer_close_libero90_t22_s20_r0_native_clearance_v8_160,drawer565_drawer_close_libero90_t22_s30_r0_native_clearance_v8_160,drawer565_drawer_close_libero90_t23_s20_r0_native_clearance_v8_160	
4319_callback_close	41.3818359375	75	28	47	16	5	7	0	drawer565_drawer_close_libero90_t0_s10_r0_native_clearance_v8_160,drawer565_drawer_close_libero90_t0_s30_r0_native_clearance_v8_160,drawer565_drawer_close_libero90_t22_s20_r0_native_clearance_v8_160,drawer565_drawer_close_libero90_t22_s30_r0_native_clearance_v8_160,drawer565_drawer_close_libero90_t23_s20_r0_native_clearance_v8_160	
4319_callback_close	95.458984375	75	28	47	16	5	7	0	drawer565_drawer_close_libero90_t0_s10_r0_native_clearance_v8_160,drawer565_drawer_close_libero90_t0_s30_r0_native_clearance_v8_160,drawer565_drawer_close_libero90_t22_s20_r0_native_clearance_v8_160,drawer565_drawer_close_libero90_t22_s30_r0_native_clearance_v8_160,drawer565_drawer_close_libero90_t23_s20_r0_native_clearance_v8_160	
4319_callback_close	149.5361328125	75	28	47	16	4	8	0	drawer565_drawer_close_libero90_t0_s10_r0_native_clearance_v8_160,drawer565_drawer_close_libero90_t0_s30_r0_native_clearance_v8_160,drawer565_drawer_close_libero90_t22_s20_r0_native_clearance_v8_160,drawer565_drawer_close_libero90_t22_s30_r0_native_clearance_v8_160,drawer565_drawer_close_libero90_t23_s20_r0_native_clearance_v8_160,drawer565_drawer_close_libero90_t28_s10_r0_native_clearance_v8_160	
4319_callback_close	149.59716796875	75	28	47	16	4	8	0	drawer565_drawer_close_libero90_t0_s10_r0_native_clearance_v8_160,drawer565_drawer_close_libero90_t0_s30_r0_native_clearance_v8_160,drawer565_drawer_close_libero90_t22_s20_r0_native_clearance_v8_160,drawer565_drawer_close_libero90_t22_s30_r0_native_clearance_v8_160,drawer565_drawer_close_libero90_t23_s20_r0_native_clearance_v8_160,drawer565_drawer_close_libero90_t28_s10_r0_native_clearance_v8_160	
4319_callback_close	149.658203125	75	28	47	16	3	9	0	drawer565_drawer_close_libero90_t0_s10_r0_native_clearance_v8_160,drawer565_drawer_close_libero90_t0_s30_r0_native_clearance_v8_160,drawer565_drawer_close_libero90_t22_s20_r0_native_clearance_v8_160,drawer565_drawer_close_libero90_t22_s30_r0_native_clearance_v8_160,drawer565_drawer_close_libero90_t23_s20_r0_native_clearance_v8_160,drawer565_drawer_close_libero90_t28_s10_r0_native_clearance_v8_160	
4319_callback_close	150.5126953125	75	28	47	16	3	9	0	drawer565_drawer_close_libero90_t0_s10_r0_native_clearance_v8_160,drawer565_drawer_close_libero90_t0_s30_r0_native_clearance_v8_160,drawer565_drawer_close_libero90_t22_s20_r0_native_clearance_v8_160,drawer565_drawer_close_libero90_t22_s30_r0_native_clearance_v8_160,drawer565_drawer_close_libero90_t23_s20_r0_native_clearance_v8_160,drawer565_drawer_close_libero90_t28_s10_r0_native_clearance_v8_160	
4319_callback_close	151.3671875	75	28	47	16	2	10	0	drawer565_drawer_close_libero90_t0_s10_r0_native_clearance_v8_160,drawer565_drawer_close_libero90_t0_s30_r0_native_clearance_v8_160,drawer565_drawer_close_libero90_t22_s20_r0_native_clearance_v8_160,drawer565_drawer_close_libero90_t22_s30_r0_native_clearance_v8_160,drawer565_drawer_close_libero90_t23_s20_r0_native_clearance_v8_160,drawer565_drawer_close_libero90_t28_s10_r0_native_clearance_v8_160	
4319_callback_close	154.296875	75	28	47	16	2	10	0	drawer565_drawer_close_libero90_t0_s10_r0_native_clearance_v8_160,drawer565_drawer_close_libero90_t0_s30_r0_native_clearance_v8_160,drawer565_drawer_close_libero90_t22_s20_r0_native_clearance_v8_160,drawer565_drawer_close_libero90_t22_s30_r0_native_clearance_v8_160,drawer565_drawer_close_libero90_t23_s20_r0_native_clearance_v8_160,drawer565_drawer_close_libero90_t28_s10_r0_native_clearance_v8_160	
4319_callback_close	157.2265625	75	28	47	16	1	11	0	drawer565_drawer_close_libero90_t0_s10_r0_native_clearance_v8_160,drawer565_drawer_close_libero90_t0_s30_r0_native_clearance_v8_160,drawer565_drawer_close_libero90_t22_s10_r0_native_clearance_v8_160,drawer565_drawer_close_libero90_t22_s20_r0_native_clearance_v8_160,drawer565_drawer_close_libero90_t22_s30_r0_native_clearance_v8_160,drawer565_drawer_close_libero90_t23_s20_r0_native_clearance_v8_160,drawer565_drawer_close_libero90_t28_s10_r0_native_clearance_v8_160	
4319_callback_close	157.28759765625	75	28	47	16	1	11	0	drawer565_drawer_close_libero90_t0_s10_r0_native_clearance_v8_160,drawer565_drawer_close_libero90_t0_s30_r0_native_clearance_v8_160,drawer565_drawer_close_libero90_t22_s10_r0_native_clearance_v8_160,drawer565_drawer_close_libero90_t22_s20_r0_native_clearance_v8_160,drawer565_drawer_close_libero90_t22_s30_r0_native_clearance_v8_160,drawer565_drawer_close_libero90_t23_s20_r0_native_clearance_v8_160,drawer565_drawer_close_libero90_t28_s10_r0_native_clearance_v8_160	
4319_callback_close	157.3486328125	75	28	47	16	0	12	0	drawer565_drawer_close_libero90_t0_s10_r0_native_clearance_v8_160,drawer565_drawer_close_libero90_t0_s30_r0_native_clearance_v8_160,drawer565_drawer_close_libero90_t22_s10_r0_native_clearance_v8_160,drawer565_drawer_close_libero90_t22_s20_r0_native_clearance_v8_160,drawer565_drawer_close_libero90_t22_s30_r0_native_clearance_v8_160,drawer565_drawer_close_libero90_t23_s20_r0_native_clearance_v8_160,drawer565_drawer_close_libero90_t28_s10_r0_native_clearance_v8_160	
4319_callback_close	157.3486338125	75	28	47	16	0	12	0	drawer565_drawer_close_libero90_t0_s10_r0_native_clearance_v8_160,drawer565_drawer_close_libero90_t0_s30_r0_native_clearance_v8_160,drawer565_drawer_close_libero90_t22_s10_r0_native_clearance_v8_160,drawer565_drawer_close_libero90_t22_s20_r0_native_clearance_v8_160,drawer565_drawer_close_libero90_t22_s30_r0_native_clearance_v8_160,drawer565_drawer_close_libero90_t23_s20_r0_native_clearance_v8_160,drawer565_drawer_close_libero90_t28_s10_r0_native_clearance_v8_160	
4319_stop_last_two_close	-15.0	18	18	0	0	3	0	15		drawer565_drawer_close_libero90_t0_s10_r0_native_clearance_v8_160,drawer565_drawer_close_libero90_t0_s30_r0_native_clearance_v8_160,drawer565_drawer_close_libero90_t22_s10_r0_native_clearance_v8_160,drawer565_drawer_close_libero90_t22_s20_r0_native_clearance_v8_160,drawer565_drawer_close_libero90_t22_s30_r0_native_clearance_v8_160,drawer565_drawer_close_libero90_t23_s10_r0_native_clearance_v8_160,drawer565_drawer_close_libero90_t23_s30_r0_native_clearance_v8_160,drawer565_drawer_close_libero90_t28_s10_r0_native_clearance_v8_160
4319_stop_last_two_close	-10.0	18	18	0	0	3	0	15		drawer565_drawer_close_libero90_t0_s10_r0_native_clearance_v8_160,drawer565_drawer_close_libero90_t0_s30_r0_native_clearance_v8_160,drawer565_drawer_close_libero90_t22_s10_r0_native_clearance_v8_160,drawer565_drawer_close_libero90_t22_s20_r0_native_clearance_v8_160,drawer565_drawer_close_libero90_t22_s30_r0_native_clearance_v8_160,drawer565_drawer_close_libero90_t23_s10_r0_native_clearance_v8_160,drawer565_drawer_close_libero90_t23_s30_r0_native_clearance_v8_160,drawer565_drawer_close_libero90_t28_s10_r0_native_clearance_v8_160
4319_stop_last_two_close	-9.033204125	18	18	0	0	3	0	15		drawer565_drawer_close_libero90_t0_s10_r0_native_clearance_v8_160,drawer565_drawer_close_libero90_t0_s30_r0_native_clearance_v8_160,drawer565_drawer_close_libero90_t22_s10_r0_native_clearance_v8_160,drawer565_drawer_close_libero90_t22_s20_r0_native_clearance_v8_160,drawer565_drawer_close_libero90_t22_s30_r0_native_clearance_v8_160,drawer565_drawer_close_libero90_t23_s10_r0_native_clearance_v8_160,drawer565_drawer_close_libero90_t23_s30_r0_native_clearance_v8_160,drawer565_drawer_close_libero90_t28_s10_r0_native_clearance_v8_160
4319_stop_last_two_close	-9.033203125	18	18	0	0	2	1	15	drawer565_drawer_close_libero90_t23_s20_r0_native_clearance_v8_160	drawer565_drawer_close_libero90_t0_s10_r0_native_clearance_v8_160,drawer565_drawer_close_libero90_t0_s30_r0_native_clearance_v8_160,drawer565_drawer_close_libero90_t22_s10_r0_native_clearance_v8_160,drawer565_drawer_close_libero90_t22_s20_r0_native_clearance_v8_160,drawer565_drawer_close_libero90_t22_s30_r0_native_clearance_v8_160,drawer565_drawer_close_libero90_t23_s10_r0_native_clearance_v8_160,drawer565_drawer_close_libero90_t23_s30_r0_native_clearance_v8_160,drawer565_drawer_close_libero90_t28_s10_r0_native_clearance_v8_160
4319_stop_last_two_close	-8.85009765625	18	18	0	0	2	1	15	drawer565_drawer_close_libero90_t23_s20_r0_native_clearance_v8_160	drawer565_drawer_close_libero90_t0_s10_r0_native_clearance_v8_160,drawer565_drawer_close_libero90_t0_s30_r0_native_clearance_v8_160,drawer565_drawer_close_libero90_t22_s10_r0_native_clearance_v8_160,drawer565_drawer_close_libero90_t22_s20_r0_native_clearance_v8_160,drawer565_drawer_close_libero90_t22_s30_r0_native_clearance_v8_160,drawer565_drawer_close_libero90_t23_s10_r0_native_clearance_v8_160,drawer565_drawer_close_libero90_t23_s30_r0_native_clearance_v8_160,drawer565_drawer_close_libero90_t28_s10_r0_native_clearance_v8_160
4319_stop_last_two_close	-8.6669921875	18	18	0	0	1	2	15	drawer565_drawer_close_libero90_t23_s20_r0_native_clearance_v8_160	drawer565_drawer_close_libero90_t0_s10_r0_native_clearance_v8_160,drawer565_drawer_close_libero90_t0_s30_r0_native_clearance_v8_160,drawer565_drawer_close_libero90_t22_s10_r0_native_clearance_v8_160,drawer565_drawer_close_libero90_t22_s20_r0_native_clearance_v8_160,drawer565_drawer_close_libero90_t22_s30_r0_native_clearance_v8_160,drawer565_drawer_close_libero90_t23_s10_r0_native_clearance_v8_160,drawer565_drawer_close_libero90_t23_s30_r0_native_clearance_v8_160,drawer565_drawer_close_libero90_t28_s10_r0_native_clearance_v8_160
4319_stop_last_two_close	-5.43212890625	18	18	0	0	1	2	15	drawer565_drawer_close_libero90_t23_s20_r0_native_clearance_v8_160	drawer565_drawer_close_libero90_t0_s10_r0_native_clearance_v8_160,drawer565_drawer_close_libero90_t0_s30_r0_native_clearance_v8_160,drawer565_drawer_close_libero90_t22_s10_r0_native_clearance_v8_160,drawer565_drawer_close_libero90_t22_s20_r0_native_clearance_v8_160,drawer565_drawer_close_libero90_t22_s30_r0_native_clearance_v8_160,drawer565_drawer_close_libero90_t23_s10_r0_native_clearance_v8_160,drawer565_drawer_close_libero90_t23_s30_r0_native_clearance_v8_160,drawer565_drawer_close_libero90_t28_s10_r0_native_clearance_v8_160
4319_stop_last_two_close	-5.0	18	18	0	0	1	2	15	drawer565_drawer_close_libero90_t23_s20_r0_native_clearance_v8_160	drawer565_drawer_close_libero90_t0_s10_r0_native_clearance_v8_160,drawer565_drawer_close_libero90_t0_s30_r0_native_clearance_v8_160,drawer565_drawer_close_libero90_t22_s10_r0_native_clearance_v8_160,drawer565_drawer_close_libero90_t22_s20_r0_native_clearance_v8_160,drawer565_drawer_close_libero90_t22_s30_r0_native_clearance_v8_160,drawer565_drawer_close_libero90_t23_s10_r0_native_clearance_v8_160,drawer565_drawer_close_libero90_t23_s30_r0_native_clearance_v8_160,drawer565_drawer_close_libero90_t28_s10_r0_native_clearance_v8_160
4319_stop_last_two_close	-2.197265625	18	18	0	1	1	2	14	drawer565_drawer_close_libero90_t23_s20_r0_native_clearance_v8_160	drawer565_drawer_close_libero90_t0_s10_r0_native_clearance_v8_160,drawer565_drawer_close_libero90_t0_s30_r0_native_clearance_v8_160,drawer565_drawer_close_libero90_t22_s10_r0_native_clearance_v8_160,drawer565_drawer_close_libero90_t22_s20_r0_native_clearance_v8_160,drawer565_drawer_close_libero90_t22_s30_r0_native_clearance_v8_160,drawer565_drawer_close_libero90_t23_s10_r0_native_clearance_v8_160,drawer565_drawer_close_libero90_t23_s30_r0_native_clearance_v8_160,drawer565_drawer_close_libero90_t28_s10_r0_native_clearance_v8_160
4319_stop_last_two_close	-2.01416015625	18	18	0	1	1	2	14	drawer565_drawer_close_libero90_t23_s20_r0_native_clearance_v8_160	drawer565_drawer_close_libero90_t0_s10_r0_native_clearance_v8_160,drawer565_drawer_close_libero90_t0_s30_r0_native_clearance_v8_160,drawer565_drawer_close_libero90_t22_s10_r0_native_clearance_v8_160,drawer565_drawer_close_libero90_t22_s20_r0_native_clearance_v8_160,drawer565_drawer_close_libero90_t22_s30_r0_native_clearance_v8_160,drawer565_drawer_close_libero90_t23_s10_r0_native_clearance_v8_160,drawer565_drawer_close_libero90_t23_s30_r0_native_clearance_v8_160,drawer565_drawer_close_libero90_t28_s10_r0_native_clearance_v8_160
4319_stop_last_two_close	-2.0	18	18	0	1	1	2	14	drawer565_drawer_close_libero90_t23_s20_r0_native_clearance_v8_160	drawer565_drawer_close_libero90_t0_s10_r0_native_clearance_v8_160,drawer565_drawer_close_libero90_t0_s30_r0_native_clearance_v8_160,drawer565_drawer_close_libero90_t22_s10_r0_native_clearance_v8_160,drawer565_drawer_close_libero90_t22_s20_r0_native_clearance_v8_160,drawer565_drawer_close_libero90_t22_s30_r0_native_clearance_v8_160,drawer565_drawer_close_libero90_t23_s10_r0_native_clearance_v8_160,drawer565_drawer_close_libero90_t23_s30_r0_native_clearance_v8_160,drawer565_drawer_close_libero90_t28_s10_r0_native_clearance_v8_160
4319_stop_last_two_close	-1.8310546875	18	18	0	3	1	2	12	drawer565_drawer_close_libero90_t23_s20_r0_native_clearance_v8_160	drawer565_drawer_close_libero90_t0_s10_r0_native_clearance_v8_160,drawer565_drawer_close_libero90_t0_s30_r0_native_clearance_v8_160,drawer565_drawer_close_libero90_t22_s10_r0_native_clearance_v8_160,drawer565_drawer_close_libero90_t22_s20_r0_native_clearance_v8_160,drawer565_drawer_close_libero90_t22_s30_r0_native_clearance_v8_160,drawer565_drawer_close_libero90_t23_s10_r0_native_clearance_v8_160,drawer565_drawer_close_libero90_t28_s10_r0_native_clearance_v8_160
4319_stop_last_two_close	-1.708984375	18	18	0	3	1	2	12	drawer565_drawer_close_libero90_t23_s20_r0_native_clearance_v8_160	drawer565_drawer_close_libero90_t0_s10_r0_native_clearance_v8_160,drawer565_drawer_close_libero90_t0_s30_r0_native_clearance_v8_160,drawer565_drawer_close_libero90_t22_s10_r0_native_clearance_v8_160,drawer565_drawer_close_libero90_t22_s20_r0_native_clearance_v8_160,drawer565_drawer_close_libero90_t22_s30_r0_native_clearance_v8_160,drawer565_drawer_close_libero90_t23_s10_r0_native_clearance_v8_160,drawer565_drawer_close_libero90_t28_s10_r0_native_clearance_v8_160
4319_stop_last_two_close	-1.5869140625	18	18	0	4	1	2	11	drawer565_drawer_close_libero90_t23_s20_r0_native_clearance_v8_160	drawer565_drawer_close_libero90_t0_s30_r0_native_clearance_v8_160,drawer565_drawer_close_libero90_t22_s10_r0_native_clearance_v8_160,drawer565_drawer_close_libero90_t22_s20_r0_native_clearance_v8_160,drawer565_drawer_close_libero90_t22_s30_r0_native_clearance_v8_160,drawer565_drawer_close_libero90_t23_s10_r0_native_clearance_v8_160,drawer565_drawer_close_libero90_t28_s10_r0_native_clearance_v8_160
4319_stop_last_two_close	-1.52587890625	18	18	0	4	1	2	11	drawer565_drawer_close_libero90_t23_s20_r0_native_clearance_v8_160	drawer565_drawer_close_libero90_t0_s30_r0_native_clearance_v8_160,drawer565_drawer_close_libero90_t22_s10_r0_native_clearance_v8_160,drawer565_drawer_close_libero90_t22_s20_r0_native_clearance_v8_160,drawer565_drawer_close_libero90_t22_s30_r0_native_clearance_v8_160,drawer565_drawer_close_libero90_t23_s10_r0_native_clearance_v8_160,drawer565_drawer_close_libero90_t28_s10_r0_native_clearance_v8_160
4319_stop_last_two_close	-1.46484375	18	18	0	10	1	2	5	drawer565_drawer_close_libero90_t23_s20_r0_native_clearance_v8_160	drawer565_drawer_close_libero90_t22_s20_r0_native_clearance_v8_160,drawer565_drawer_close_libero90_t22_s30_r0_native_clearance_v8_160,drawer565_drawer_close_libero90_t23_s10_r0_native_clearance_v8_160
4319_stop_last_two_close	-1.3427734375	18	18	0	10	1	2	5	drawer565_drawer_close_libero90_t23_s20_r0_native_clearance_v8_160	drawer565_drawer_close_libero90_t22_s20_r0_native_clearance_v8_160,drawer565_drawer_close_libero90_t22_s30_r0_native_clearance_v8_160,drawer565_drawer_close_libero90_t23_s10_r0_native_clearance_v8_160
4319_stop_last_two_close	-1.220703125	18	18	0	11	1	2	4	drawer565_drawer_close_libero90_t23_s20_r0_native_clearance_v8_160	drawer565_drawer_close_libero90_t22_s20_r0_native_clearance_v8_160,drawer565_drawer_close_libero90_t22_s30_r0_native_clearance_v8_160,drawer565_drawer_close_libero90_t23_s10_r0_native_clearance_v8_160
4319_stop_last_two_close	-1.0	18	18	0	11	1	2	4	drawer565_drawer_close_libero90_t23_s20_r0_native_clearance_v8_160	drawer565_drawer_close_libero90_t22_s20_r0_native_clearance_v8_160,drawer565_drawer_close_libero90_t22_s30_r0_native_clearance_v8_160,drawer565_drawer_close_libero90_t23_s10_r0_native_clearance_v8_160
4319_stop_last_two_close	-0.8544921875	18	18	0	11	1	2	4	drawer565_drawer_close_libero90_t23_s20_r0_native_clearance_v8_160	drawer565_drawer_close_libero90_t22_s20_r0_native_clearance_v8_160,drawer565_drawer_close_libero90_t22_s30_r0_native_clearance_v8_160,drawer565_drawer_close_libero90_t23_s10_r0_native_clearance_v8_160
4319_stop_last_two_close	-0.5	18	18	0	11	1	2	4	drawer565_drawer_close_libero90_t23_s20_r0_native_clearance_v8_160	drawer565_drawer_close_libero90_t22_s20_r0_native_clearance_v8_160,drawer565_drawer_close_libero90_t22_s30_r0_native_clearance_v8_160,drawer565_drawer_close_libero90_t23_s10_r0_native_clearance_v8_160
4319_stop_last_two_close	-0.48828125	18	18	0	13	1	2	2	drawer565_drawer_close_libero90_t23_s20_r0_native_clearance_v8_160	drawer565_drawer_close_libero90_t22_s20_r0_native_clearance_v8_160,drawer565_drawer_close_libero90_t22_s30_r0_native_clearance_v8_160
4319_stop_last_two_close	-0.30517578125	18	18	0	13	1	2	2	drawer565_drawer_close_libero90_t23_s20_r0_native_clearance_v8_160	drawer565_drawer_close_libero90_t22_s20_r0_native_clearance_v8_160,drawer565_drawer_close_libero90_t22_s30_r0_native_clearance_v8_160
4319_stop_last_two_close	-0.1220703125	18	18	0	14	1	2	1	drawer565_drawer_close_libero90_t23_s20_r0_native_clearance_v8_160	drawer565_drawer_close_libero90_t22_s20_r0_native_clearance_v8_160
4319_stop_last_two_close	0.0	18	18	0	14	1	2	1	drawer565_drawer_close_libero90_t23_s20_r0_native_clearance_v8_160	drawer565_drawer_close_libero90_t22_s20_r0_native_clearance_v8_160
4319_stop_last_two_close	0.06103515625	18	18	0	14	1	2	1	drawer565_drawer_close_libero90_t23_s20_r0_native_clearance_v8_160	drawer565_drawer_close_libero90_t22_s20_r0_native_clearance_v8_160
4319_stop_last_two_close	0.24017693624991032	18	18	0	14	1	2	1	drawer565_drawer_close_libero90_t23_s20_r0_native_clearance_v8_160	drawer565_drawer_close_libero90_t22_s20_r0_native_clearance_v8_160
4319_stop_last_two_close	0.244140625	18	18	0	15	0	3	0	drawer565_drawer_close_libero90_t22_s20_r0_native_clearance_v8_160,drawer565_drawer_close_libero90_t23_s20_r0_native_clearance_v8_160	
4319_stop_last_two_close	0.24414162500000003	18	18	0	15	0	3	0	drawer565_drawer_close_libero90_t22_s20_r0_native_clearance_v8_160,drawer565_drawer_close_libero90_t23_s20_r0_native_clearance_v8_160	
4319_stop_last_two_close	0.5	18	18	0	15	0	3	0	drawer565_drawer_close_libero90_t22_s20_r0_native_clearance_v8_160,drawer565_drawer_close_libero90_t23_s20_r0_native_clearance_v8_160	
4319_stop_last_two_close	1.0	18	18	0	15	0	3	0	drawer565_drawer_close_libero90_t22_s20_r0_native_clearance_v8_160,drawer565_drawer_close_libero90_t23_s20_r0_native_clearance_v8_160	
4319_stop_last_two_close	1.5	18	18	0	15	0	3	0	drawer565_drawer_close_libero90_t22_s20_r0_native_clearance_v8_160,drawer565_drawer_close_libero90_t23_s20_r0_native_clearance_v8_160	
4319_stop_last_two_close	2.0	18	18	0	15	0	3	0	drawer565_drawer_close_libero90_t22_s20_r0_native_clearance_v8_160,drawer565_drawer_close_libero90_t23_s20_r0_native_clearance_v8_160	
4319_stop_last_two_close	5.0	18	18	0	15	0	3	0	drawer565_drawer_close_libero90_t22_s20_r0_native_clearance_v8_160,drawer565_drawer_close_libero90_t23_s20_r0_native_clearance_v8_160	
4319_stop_last_two_close	15.0	18	18	0	15	0	3	0	drawer565_drawer_close_libero90_t22_s20_r0_native_clearance_v8_160,drawer565_drawer_close_libero90_t23_s20_r0_native_clearance_v8_160	
4319_private_boundary_absq_le3mm_callback	-15.0	48	18	30	0	2	0	16		drawer565_drawer_close_libero90_t0_s10_r0_native_clearance_v8_160,drawer565_drawer_close_libero90_t0_s30_r0_native_clearance_v8_160,drawer565_drawer_close_libero90_t22_s10_r0_native_clearance_v8_160,drawer565_drawer_close_libero90_t22_s20_r0_native_clearance_v8_160,drawer565_drawer_close_libero90_t22_s30_r0_native_clearance_v8_160,drawer565_drawer_close_libero90_t23_s10_r0_native_clearance_v8_160,drawer565_drawer_close_libero90_t23_s30_r0_native_clearance_v8_160,drawer565_drawer_close_libero90_t28_s10_r0_native_clearance_v8_160
4319_private_boundary_absq_le3mm_callback	-10.0	48	18	30	0	2	0	16		drawer565_drawer_close_libero90_t0_s10_r0_native_clearance_v8_160,drawer565_drawer_close_libero90_t0_s30_r0_native_clearance_v8_160,drawer565_drawer_close_libero90_t22_s10_r0_native_clearance_v8_160,drawer565_drawer_close_libero90_t22_s20_r0_native_clearance_v8_160,drawer565_drawer_close_libero90_t22_s30_r0_native_clearance_v8_160,drawer565_drawer_close_libero90_t23_s10_r0_native_clearance_v8_160,drawer565_drawer_close_libero90_t23_s30_r0_native_clearance_v8_160,drawer565_drawer_close_libero90_t28_s10_r0_native_clearance_v8_160
4319_private_boundary_absq_le3mm_callback	-5.0	48	18	30	0	2	0	16		drawer565_drawer_close_libero90_t0_s10_r0_native_clearance_v8_160,drawer565_drawer_close_libero90_t0_s30_r0_native_clearance_v8_160,drawer565_drawer_close_libero90_t22_s10_r0_native_clearance_v8_160,drawer565_drawer_close_libero90_t22_s20_r0_native_clearance_v8_160,drawer565_drawer_close_libero90_t22_s30_r0_native_clearance_v8_160,drawer565_drawer_close_libero90_t23_s10_r0_native_clearance_v8_160,drawer565_drawer_close_libero90_t23_s30_r0_native_clearance_v8_160,drawer565_drawer_close_libero90_t28_s10_r0_native_clearance_v8_160
4319_private_boundary_absq_le3mm_callback	-2.1972666249999997	48	18	30	0	2	0	16		drawer565_drawer_close_libero90_t0_s10_r0_native_clearance_v8_160,drawer565_drawer_close_libero90_t0_s30_r0_native_clearance_v8_160,drawer565_drawer_close_libero90_t22_s10_r0_native_clearance_v8_160,drawer565_drawer_close_libero90_t22_s20_r0_native_clearance_v8_160,drawer565_drawer_close_libero90_t22_s30_r0_native_clearance_v8_160,drawer565_drawer_close_libero90_t23_s10_r0_native_clearance_v8_160,drawer565_drawer_close_libero90_t23_s30_r0_native_clearance_v8_160,drawer565_drawer_close_libero90_t28_s10_r0_native_clearance_v8_160
4319_private_boundary_absq_le3mm_callback	-2.197265625	48	18	30	1	2	0	15		drawer565_drawer_close_libero90_t0_s10_r0_native_clearance_v8_160,drawer565_drawer_close_libero90_t0_s30_r0_native_clearance_v8_160,drawer565_drawer_close_libero90_t22_s10_r0_native_clearance_v8_160,drawer565_drawer_close_libero90_t22_s20_r0_native_clearance_v8_160,drawer565_drawer_close_libero90_t22_s30_r0_native_clearance_v8_160,drawer565_drawer_close_libero90_t23_s10_r0_native_clearance_v8_160,drawer565_drawer_close_libero90_t23_s30_r0_native_clearance_v8_160,drawer565_drawer_close_libero90_t28_s10_r0_native_clearance_v8_160
4319_private_boundary_absq_le3mm_callback	-2.01416015625	48	18	30	1	2	0	15		drawer565_drawer_close_libero90_t0_s10_r0_native_clearance_v8_160,drawer565_drawer_close_libero90_t0_s30_r0_native_clearance_v8_160,drawer565_drawer_close_libero90_t22_s10_r0_native_clearance_v8_160,drawer565_drawer_close_libero90_t22_s20_r0_native_clearance_v8_160,drawer565_drawer_close_libero90_t22_s30_r0_native_clearance_v8_160,drawer565_drawer_close_libero90_t23_s10_r0_native_clearance_v8_160,drawer565_drawer_close_libero90_t23_s30_r0_native_clearance_v8_160,drawer565_drawer_close_libero90_t28_s10_r0_native_clearance_v8_160
4319_private_boundary_absq_le3mm_callback	-2.0	48	18	30	1	2	0	15		drawer565_drawer_close_libero90_t0_s10_r0_native_clearance_v8_160,drawer565_drawer_close_libero90_t0_s30_r0_native_clearance_v8_160,drawer565_drawer_close_libero90_t22_s10_r0_native_clearance_v8_160,drawer565_drawer_close_libero90_t22_s20_r0_native_clearance_v8_160,drawer565_drawer_close_libero90_t22_s30_r0_native_clearance_v8_160,drawer565_drawer_close_libero90_t23_s10_r0_native_clearance_v8_160,drawer565_drawer_close_libero90_t23_s30_r0_native_clearance_v8_160,drawer565_drawer_close_libero90_t28_s10_r0_native_clearance_v8_160
4319_private_boundary_absq_le3mm_callback	-1.8310546875	48	18	30	3	2	0	13		drawer565_drawer_close_libero90_t0_s10_r0_native_clearance_v8_160,drawer565_drawer_close_libero90_t0_s30_r0_native_clearance_v8_160,drawer565_drawer_close_libero90_t22_s10_r0_native_clearance_v8_160,drawer565_drawer_close_libero90_t22_s20_r0_native_clearance_v8_160,drawer565_drawer_close_libero90_t22_s30_r0_native_clearance_v8_160,drawer565_drawer_close_libero90_t23_s10_r0_native_clearance_v8_160,drawer565_drawer_close_libero90_t28_s10_r0_native_clearance_v8_160
4319_private_boundary_absq_le3mm_callback	-1.708984375	48	18	30	3	2	0	13		drawer565_drawer_close_libero90_t0_s10_r0_native_clearance_v8_160,drawer565_drawer_close_libero90_t0_s30_r0_native_clearance_v8_160,drawer565_drawer_close_libero90_t22_s10_r0_native_clearance_v8_160,drawer565_drawer_close_libero90_t22_s20_r0_native_clearance_v8_160,drawer565_drawer_close_libero90_t22_s30_r0_native_clearance_v8_160,drawer565_drawer_close_libero90_t23_s10_r0_native_clearance_v8_160,drawer565_drawer_close_libero90_t28_s10_r0_native_clearance_v8_160
4319_private_boundary_absq_le3mm_callback	-1.5869140625	48	18	30	4	2	0	12		drawer565_drawer_close_libero90_t0_s30_r0_native_clearance_v8_160,drawer565_drawer_close_libero90_t22_s10_r0_native_clearance_v8_160,drawer565_drawer_close_libero90_t22_s20_r0_native_clearance_v8_160,drawer565_drawer_close_libero90_t22_s30_r0_native_clearance_v8_160,drawer565_drawer_close_libero90_t23_s10_r0_native_clearance_v8_160,drawer565_drawer_close_libero90_t28_s10_r0_native_clearance_v8_160
4319_private_boundary_absq_le3mm_callback	-1.52587890625	48	18	30	4	2	0	12		drawer565_drawer_close_libero90_t0_s30_r0_native_clearance_v8_160,drawer565_drawer_close_libero90_t22_s10_r0_native_clearance_v8_160,drawer565_drawer_close_libero90_t22_s20_r0_native_clearance_v8_160,drawer565_drawer_close_libero90_t22_s30_r0_native_clearance_v8_160,drawer565_drawer_close_libero90_t23_s10_r0_native_clearance_v8_160,drawer565_drawer_close_libero90_t28_s10_r0_native_clearance_v8_160
4319_private_boundary_absq_le3mm_callback	-1.46484375	48	18	30	10	2	0	6		drawer565_drawer_close_libero90_t22_s20_r0_native_clearance_v8_160,drawer565_drawer_close_libero90_t22_s30_r0_native_clearance_v8_160,drawer565_drawer_close_libero90_t23_s10_r0_native_clearance_v8_160
4319_private_boundary_absq_le3mm_callback	-1.3427734375	48	18	30	10	2	0	6		drawer565_drawer_close_libero90_t22_s20_r0_native_clearance_v8_160,drawer565_drawer_close_libero90_t22_s30_r0_native_clearance_v8_160,drawer565_drawer_close_libero90_t23_s10_r0_native_clearance_v8_160
4319_private_boundary_absq_le3mm_callback	-1.220703125	48	18	30	11	2	0	5		drawer565_drawer_close_libero90_t22_s20_r0_native_clearance_v8_160,drawer565_drawer_close_libero90_t22_s30_r0_native_clearance_v8_160,drawer565_drawer_close_libero90_t23_s10_r0_native_clearance_v8_160
4319_private_boundary_absq_le3mm_callback	-1.0	48	18	30	11	2	0	5		drawer565_drawer_close_libero90_t22_s20_r0_native_clearance_v8_160,drawer565_drawer_close_libero90_t22_s30_r0_native_clearance_v8_160,drawer565_drawer_close_libero90_t23_s10_r0_native_clearance_v8_160
4319_private_boundary_absq_le3mm_callback	-0.9765625	48	18	30	11	2	0	5		drawer565_drawer_close_libero90_t22_s20_r0_native_clearance_v8_160,drawer565_drawer_close_libero90_t22_s30_r0_native_clearance_v8_160,drawer565_drawer_close_libero90_t23_s10_r0_native_clearance_v8_160
4319_private_boundary_absq_le3mm_callback	-0.732421875	48	18	30	12	2	0	4		drawer565_drawer_close_libero90_t22_s20_r0_native_clearance_v8_160,drawer565_drawer_close_libero90_t22_s30_r0_native_clearance_v8_160,drawer565_drawer_close_libero90_t23_s10_r0_native_clearance_v8_160
4319_private_boundary_absq_le3mm_callback	-0.6103515625	48	18	30	12	2	0	4		drawer565_drawer_close_libero90_t22_s20_r0_native_clearance_v8_160,drawer565_drawer_close_libero90_t22_s30_r0_native_clearance_v8_160,drawer565_drawer_close_libero90_t23_s10_r0_native_clearance_v8_160
4319_private_boundary_absq_le3mm_callback	-0.5	48	18	30	12	2	0	4		drawer565_drawer_close_libero90_t22_s20_r0_native_clearance_v8_160,drawer565_drawer_close_libero90_t22_s30_r0_native_clearance_v8_160,drawer565_drawer_close_libero90_t23_s10_r0_native_clearance_v8_160
4319_private_boundary_absq_le3mm_callback	-0.48828125	48	18	30	14	2	0	2		drawer565_drawer_close_libero90_t22_s20_r0_native_clearance_v8_160,drawer565_drawer_close_libero90_t22_s30_r0_native_clearance_v8_160
4319_private_boundary_absq_le3mm_callback	-0.30517578125	48	18	30	14	2	0	2		drawer565_drawer_close_libero90_t22_s20_r0_native_clearance_v8_160,drawer565_drawer_close_libero90_t22_s30_r0_native_clearance_v8_160
4319_private_boundary_absq_le3mm_callback	-0.1220703125	48	18	30	15	2	0	1		drawer565_drawer_close_libero90_t22_s20_r0_native_clearance_v8_160
4319_private_boundary_absq_le3mm_callback	0.0	48	18	30	15	2	0	1		drawer565_drawer_close_libero90_t22_s20_r0_native_clearance_v8_160
4319_private_boundary_absq_le3mm_callback	0.06103515625	48	18	30	15	2	0	1		drawer565_drawer_close_libero90_t22_s20_r0_native_clearance_v8_160
4319_private_boundary_absq_le3mm_callback	0.24017693624991032	48	18	30	15	2	0	1		drawer565_drawer_close_libero90_t22_s20_r0_native_clearance_v8_160
4319_private_boundary_absq_le3mm_callback	0.244140625	48	18	30	16	1	1	0	drawer565_drawer_close_libero90_t22_s20_r0_native_clearance_v8_160	
4319_private_boundary_absq_le3mm_callback	0.42724609375	48	18	30	16	1	1	0	drawer565_drawer_close_libero90_t22_s20_r0_native_clearance_v8_160	
4319_private_boundary_absq_le3mm_callback	0.5	48	18	30	16	1	1	0	drawer565_drawer_close_libero90_t22_s20_r0_native_clearance_v8_160	
4319_private_boundary_absq_le3mm_callback	0.6103515625	48	18	30	16	0	2	0	drawer565_drawer_close_libero90_t22_s20_r0_native_clearance_v8_160	
4319_private_boundary_absq_le3mm_callback	0.6103525625	48	18	30	16	0	2	0	drawer565_drawer_close_libero90_t22_s20_r0_native_clearance_v8_160	
4319_private_boundary_absq_le3mm_callback	1.0	48	18	30	16	0	2	0	drawer565_drawer_close_libero90_t22_s20_r0_native_clearance_v8_160	
4319_private_boundary_absq_le3mm_callback	1.5	48	18	30	16	0	2	0	drawer565_drawer_close_libero90_t22_s20_r0_native_clearance_v8_160	
4319_private_boundary_absq_le3mm_callback	2.0	48	18	30	16	0	2	0	drawer565_drawer_close_libero90_t22_s20_r0_native_clearance_v8_160	
4319_private_boundary_absq_le3mm_callback	5.0	48	18	30	16	0	2	0	drawer565_drawer_close_libero90_t22_s20_r0_native_clearance_v8_160	
4319_private_boundary_absq_le3mm_callback	15.0	48	18	30	16	0	2	0	drawer565_drawer_close_libero90_t22_s20_r0_native_clearance_v8_160	
4327_final10_close	-15.0	10	9	1	0	3	0	6		drawer565_drawer_close_libero90_t0_s10_r0_native_frontmost_clearance_v7_v8_160,drawer565_drawer_close_libero90_t0_s30_r0_native_frontmost_clearance_v7_v8_160,drawer565_drawer_close_libero90_t22_s20_r0_native_frontmost_clearance_v7_v8_160,drawer565_drawer_close_libero90_t23_s10_r0_native_frontmost_clearance_v7_v8_160,drawer565_drawer_close_libero90_t23_s30_r0_native_frontmost_clearance_v7_v8_160,drawer565_drawer_close_libero90_t28_s10_r0_native_frontmost_clearance_v7_v8_160
4327_final10_close	-10.0	10	9	1	0	3	0	6		drawer565_drawer_close_libero90_t0_s10_r0_native_frontmost_clearance_v7_v8_160,drawer565_drawer_close_libero90_t0_s30_r0_native_frontmost_clearance_v7_v8_160,drawer565_drawer_close_libero90_t22_s20_r0_native_frontmost_clearance_v7_v8_160,drawer565_drawer_close_libero90_t23_s10_r0_native_frontmost_clearance_v7_v8_160,drawer565_drawer_close_libero90_t23_s30_r0_native_frontmost_clearance_v7_v8_160,drawer565_drawer_close_libero90_t28_s10_r0_native_frontmost_clearance_v7_v8_160
4327_final10_close	-5.0	10	9	1	0	3	0	6		drawer565_drawer_close_libero90_t0_s10_r0_native_frontmost_clearance_v7_v8_160,drawer565_drawer_close_libero90_t0_s30_r0_native_frontmost_clearance_v7_v8_160,drawer565_drawer_close_libero90_t22_s20_r0_native_frontmost_clearance_v7_v8_160,drawer565_drawer_close_libero90_t23_s10_r0_native_frontmost_clearance_v7_v8_160,drawer565_drawer_close_libero90_t23_s30_r0_native_frontmost_clearance_v7_v8_160,drawer565_drawer_close_libero90_t28_s10_r0_native_frontmost_clearance_v7_v8_160
4327_final10_close	-2.0	10	9	1	0	3	0	6		drawer565_drawer_close_libero90_t0_s10_r0_native_frontmost_clearance_v7_v8_160,drawer565_drawer_close_libero90_t0_s30_r0_native_frontmost_clearance_v7_v8_160,drawer565_drawer_close_libero90_t22_s20_r0_native_frontmost_clearance_v7_v8_160,drawer565_drawer_close_libero90_t23_s10_r0_native_frontmost_clearance_v7_v8_160,drawer565_drawer_close_libero90_t23_s30_r0_native_frontmost_clearance_v7_v8_160,drawer565_drawer_close_libero90_t28_s10_r0_native_frontmost_clearance_v7_v8_160
4327_final10_close	-1.5869150625	10	9	1	0	3	0	6		drawer565_drawer_close_libero90_t0_s10_r0_native_frontmost_clearance_v7_v8_160,drawer565_drawer_close_libero90_t0_s30_r0_native_frontmost_clearance_v7_v8_160,drawer565_drawer_close_libero90_t22_s20_r0_native_frontmost_clearance_v7_v8_160,drawer565_drawer_close_libero90_t23_s10_r0_native_frontmost_clearance_v7_v8_160,drawer565_drawer_close_libero90_t23_s30_r0_native_frontmost_clearance_v7_v8_160,drawer565_drawer_close_libero90_t28_s10_r0_native_frontmost_clearance_v7_v8_160
4327_final10_close	-1.5869140625	10	9	1	1	3	0	5		drawer565_drawer_close_libero90_t0_s30_r0_native_frontmost_clearance_v7_v8_160,drawer565_drawer_close_libero90_t22_s20_r0_native_frontmost_clearance_v7_v8_160,drawer565_drawer_close_libero90_t23_s10_r0_native_frontmost_clearance_v7_v8_160,drawer565_drawer_close_libero90_t23_s30_r0_native_frontmost_clearance_v7_v8_160,drawer565_drawer_close_libero90_t28_s10_r0_native_frontmost_clearance_v7_v8_160
4327_final10_close	-1.52587890625	10	9	1	1	3	0	5		drawer565_drawer_close_libero90_t0_s30_r0_native_frontmost_clearance_v7_v8_160,drawer565_drawer_close_libero90_t22_s20_r0_native_frontmost_clearance_v7_v8_160,drawer565_drawer_close_libero90_t23_s10_r0_native_frontmost_clearance_v7_v8_160,drawer565_drawer_close_libero90_t23_s30_r0_native_frontmost_clearance_v7_v8_160,drawer565_drawer_close_libero90_t28_s10_r0_native_frontmost_clearance_v7_v8_160
4327_final10_close	-1.46484375	10	9	1	4	3	0	2		drawer565_drawer_close_libero90_t23_s30_r0_native_frontmost_clearance_v7_v8_160,drawer565_drawer_close_libero90_t28_s10_r0_native_frontmost_clearance_v7_v8_160
4327_final10_close	-1.40380859375	10	9	1	4	3	0	2		drawer565_drawer_close_libero90_t23_s30_r0_native_frontmost_clearance_v7_v8_160,drawer565_drawer_close_libero90_t28_s10_r0_native_frontmost_clearance_v7_v8_160
4327_final10_close	-1.3427734375	10	9	1	5	3	0	1		drawer565_drawer_close_libero90_t23_s30_r0_native_frontmost_clearance_v7_v8_160
4327_final10_close	-1.28173828125	10	9	1	5	3	0	1		drawer565_drawer_close_libero90_t23_s30_r0_native_frontmost_clearance_v7_v8_160
4327_final10_close	-1.220703125	10	9	1	6	3	0	0		
4327_final10_close	-1.0	10	9	1	6	3	0	0		
4327_final10_close	-0.5	10	9	1	6	3	0	0		
4327_final10_close	0.0	10	9	1	6	3	0	0		
4327_final10_close	0.24017693624991032	10	9	1	6	3	0	0		
4327_final10_close	0.5	10	9	1	6	3	0	0		
4327_final10_close	1.0	10	9	1	6	3	0	0		
4327_final10_close	1.5	10	9	1	6	3	0	0		
4327_final10_close	2.0	10	9	1	6	3	0	0		
4327_final10_close	3.84521484375	10	9	1	6	3	0	0		
4327_final10_close	5.0	10	9	1	6	3	0	0		
4327_final10_close	8.9111328125	10	9	1	6	2	1	0	drawer565_drawer_close_libero90_t22_s10_r0_native_frontmost_clearance_v7_v8_160	
4327_final10_close	15.0	10	9	1	6	2	1	0	drawer565_drawer_close_libero90_t22_s10_r0_native_frontmost_clearance_v7_v8_160	
4327_final10_close	67.657470703125	10	9	1	6	2	1	0	drawer565_drawer_close_libero90_t22_s10_r0_native_frontmost_clearance_v7_v8_160	
4327_final10_close	126.40380859375	10	9	1	6	1	2	0	drawer565_drawer_close_libero90_t22_s10_r0_native_frontmost_clearance_v7_v8_160,drawer565_drawer_close_libero90_t22_s30_r0_native_frontmost_clearance_v7_v8_160	
4327_final10_close	142.120361328125	10	9	1	6	1	2	0	drawer565_drawer_close_libero90_t22_s10_r0_native_frontmost_clearance_v7_v8_160,drawer565_drawer_close_libero90_t22_s30_r0_native_frontmost_clearance_v7_v8_160	
4327_final10_close	157.8369140625	10	9	1	6	0	3	0	drawer565_drawer_close_libero90_t22_s10_r0_native_frontmost_clearance_v7_v8_160,drawer565_drawer_close_libero90_t22_s30_r0_native_frontmost_clearance_v7_v8_160,drawer565_drawer_close_libero90_t23_s20_r0_native_frontmost_clearance_v7_v8_160	
4327_final10_close	157.8369150625	10	9	1	6	0	3	0	drawer565_drawer_close_libero90_t22_s10_r0_native_frontmost_clearance_v7_v8_160,drawer565_drawer_close_libero90_t22_s30_r0_native_frontmost_clearance_v7_v8_160,drawer565_drawer_close_libero90_t23_s20_r0_native_frontmost_clearance_v7_v8_160	
4327_callback_close	-15.0	121	46	75	0	30	0	16		drawer565_drawer_close_libero90_t0_s10_r0_native_frontmost_clearance_v7_v8_160,drawer565_drawer_close_libero90_t0_s30_r0_native_frontmost_clearance_v7_v8_160,drawer565_drawer_close_libero90_t22_s10_r0_native_frontmost_clearance_v7_v8_160,drawer565_drawer_close_libero90_t22_s20_r0_native_frontmost_clearance_v7_v8_160,drawer565_drawer_close_libero90_t22_s30_r0_native_frontmost_clearance_v7_v8_160,drawer565_drawer_close_libero90_t23_s10_r0_native_frontmost_clearance_v7_v8_160,drawer565_drawer_close_libero90_t23_s30_r0_native_frontmost_clearance_v7_v8_160,drawer565_drawer_close_libero90_t28_s10_r0_native_frontmost_clearance_v7_v8_160
4327_callback_close	-14.7705088125	121	46	75	0	30	0	16		drawer565_drawer_close_libero90_t0_s10_r0_native_frontmost_clearance_v7_v8_160,drawer565_drawer_close_libero90_t0_s30_r0_native_frontmost_clearance_v7_v8_160,drawer565_drawer_close_libero90_t22_s10_r0_native_frontmost_clearance_v7_v8_160,drawer565_drawer_close_libero90_t22_s20_r0_native_frontmost_clearance_v7_v8_160,drawer565_drawer_close_libero90_t22_s30_r0_native_frontmost_clearance_v7_v8_160,drawer565_drawer_close_libero90_t23_s10_r0_native_frontmost_clearance_v7_v8_160,drawer565_drawer_close_libero90_t23_s30_r0_native_frontmost_clearance_v7_v8_160,drawer565_drawer_close_libero90_t28_s10_r0_native_frontmost_clearance_v7_v8_160
4327_callback_close	-14.7705078125	121	46	75	0	29	1	16	drawer565_drawer_close_libero90_t22_s30_r0_native_frontmost_clearance_v7_v8_160	drawer565_drawer_close_libero90_t0_s10_r0_native_frontmost_clearance_v7_v8_160,drawer565_drawer_close_libero90_t0_s30_r0_native_frontmost_clearance_v7_v8_160,drawer565_drawer_close_libero90_t22_s10_r0_native_frontmost_clearance_v7_v8_160,drawer565_drawer_close_libero90_t22_s20_r0_native_frontmost_clearance_v7_v8_160,drawer565_drawer_close_libero90_t22_s30_r0_native_frontmost_clearance_v7_v8_160,drawer565_drawer_close_libero90_t23_s10_r0_native_frontmost_clearance_v7_v8_160,drawer565_drawer_close_libero90_t23_s30_r0_native_frontmost_clearance_v7_v8_160,drawer565_drawer_close_libero90_t28_s10_r0_native_frontmost_clearance_v7_v8_160
4327_callback_close	-11.90185546875	121	46	75	0	29	1	16	drawer565_drawer_close_libero90_t22_s30_r0_native_frontmost_clearance_v7_v8_160	drawer565_drawer_close_libero90_t0_s10_r0_native_frontmost_clearance_v7_v8_160,drawer565_drawer_close_libero90_t0_s30_r0_native_frontmost_clearance_v7_v8_160,drawer565_drawer_close_libero90_t22_s10_r0_native_frontmost_clearance_v7_v8_160,drawer565_drawer_close_libero90_t22_s20_r0_native_frontmost_clearance_v7_v8_160,drawer565_drawer_close_libero90_t22_s30_r0_native_frontmost_clearance_v7_v8_160,drawer565_drawer_close_libero90_t23_s10_r0_native_frontmost_clearance_v7_v8_160,drawer565_drawer_close_libero90_t23_s30_r0_native_frontmost_clearance_v7_v8_160,drawer565_drawer_close_libero90_t28_s10_r0_native_frontmost_clearance_v7_v8_160
4327_callback_close	-10.0	121	46	75	0	29	1	16	drawer565_drawer_close_libero90_t22_s30_r0_native_frontmost_clearance_v7_v8_160	drawer565_drawer_close_libero90_t0_s10_r0_native_frontmost_clearance_v7_v8_160,drawer565_drawer_close_libero90_t0_s30_r0_native_frontmost_clearance_v7_v8_160,drawer565_drawer_close_libero90_t22_s10_r0_native_frontmost_clearance_v7_v8_160,drawer565_drawer_close_libero90_t22_s20_r0_native_frontmost_clearance_v7_v8_160,drawer565_drawer_close_libero90_t22_s30_r0_native_frontmost_clearance_v7_v8_160,drawer565_drawer_close_libero90_t23_s10_r0_native_frontmost_clearance_v7_v8_160,drawer565_drawer_close_libero90_t23_s30_r0_native_frontmost_clearance_v7_v8_160,drawer565_drawer_close_libero90_t28_s10_r0_native_frontmost_clearance_v7_v8_160
4327_callback_close	-9.033203125	121	46	75	0	28	2	16	drawer565_drawer_close_libero90_t22_s30_r0_native_frontmost_clearance_v7_v8_160,drawer565_drawer_close_libero90_t23_s20_r0_native_frontmost_clearance_v7_v8_160	drawer565_drawer_close_libero90_t0_s10_r0_native_frontmost_clearance_v7_v8_160,drawer565_drawer_close_libero90_t0_s30_r0_native_frontmost_clearance_v7_v8_160,drawer565_drawer_close_libero90_t22_s10_r0_native_frontmost_clearance_v7_v8_160,drawer565_drawer_close_libero90_t22_s20_r0_native_frontmost_clearance_v7_v8_160,drawer565_drawer_close_libero90_t22_s30_r0_native_frontmost_clearance_v7_v8_160,drawer565_drawer_close_libero90_t23_s10_r0_native_frontmost_clearance_v7_v8_160,drawer565_drawer_close_libero90_t23_s30_r0_native_frontmost_clearance_v7_v8_160,drawer565_drawer_close_libero90_t28_s10_r0_native_frontmost_clearance_v7_v8_160
4327_callback_close	-8.85009765625	121	46	75	0	28	2	16	drawer565_drawer_close_libero90_t22_s30_r0_native_frontmost_clearance_v7_v8_160,drawer565_drawer_close_libero90_t23_s20_r0_native_frontmost_clearance_v7_v8_160	drawer565_drawer_close_libero90_t0_s10_r0_native_frontmost_clearance_v7_v8_160,drawer565_drawer_close_libero90_t0_s30_r0_native_frontmost_clearance_v7_v8_160,drawer565_drawer_close_libero90_t22_s10_r0_native_frontmost_clearance_v7_v8_160,drawer565_drawer_close_libero90_t22_s20_r0_native_frontmost_clearance_v7_v8_160,drawer565_drawer_close_libero90_t22_s30_r0_native_frontmost_clearance_v7_v8_160,drawer565_drawer_close_libero90_t23_s10_r0_native_frontmost_clearance_v7_v8_160,drawer565_drawer_close_libero90_t23_s30_r0_native_frontmost_clearance_v7_v8_160,drawer565_drawer_close_libero90_t28_s10_r0_native_frontmost_clearance_v7_v8_160
4327_callback_close	-8.6669921875	121	46	75	0	27	3	16	drawer565_drawer_close_libero90_t22_s30_r0_native_frontmost_clearance_v7_v8_160,drawer565_drawer_close_libero90_t23_s20_r0_native_frontmost_clearance_v7_v8_160	drawer565_drawer_close_libero90_t0_s10_r0_native_frontmost_clearance_v7_v8_160,drawer565_drawer_close_libero90_t0_s30_r0_native_frontmost_clearance_v7_v8_160,drawer565_drawer_close_libero90_t22_s10_r0_native_frontmost_clearance_v7_v8_160,drawer565_drawer_close_libero90_t22_s20_r0_native_frontmost_clearance_v7_v8_160,drawer565_drawer_close_libero90_t22_s30_r0_native_frontmost_clearance_v7_v8_160,drawer565_drawer_close_libero90_t23_s10_r0_native_frontmost_clearance_v7_v8_160,drawer565_drawer_close_libero90_t23_s30_r0_native_frontmost_clearance_v7_v8_160,drawer565_drawer_close_libero90_t28_s10_r0_native_frontmost_clearance_v7_v8_160
4327_callback_close	-5.43212890625	121	46	75	0	27	3	16	drawer565_drawer_close_libero90_t22_s30_r0_native_frontmost_clearance_v7_v8_160,drawer565_drawer_close_libero90_t23_s20_r0_native_frontmost_clearance_v7_v8_160	drawer565_drawer_close_libero90_t0_s10_r0_native_frontmost_clearance_v7_v8_160,drawer565_drawer_close_libero90_t0_s30_r0_native_frontmost_clearance_v7_v8_160,drawer565_drawer_close_libero90_t22_s10_r0_native_frontmost_clearance_v7_v8_160,drawer565_drawer_close_libero90_t22_s20_r0_native_frontmost_clearance_v7_v8_160,drawer565_drawer_close_libero90_t22_s30_r0_native_frontmost_clearance_v7_v8_160,drawer565_drawer_close_libero90_t23_s10_r0_native_frontmost_clearance_v7_v8_160,drawer565_drawer_close_libero90_t23_s30_r0_native_frontmost_clearance_v7_v8_160,drawer565_drawer_close_libero90_t28_s10_r0_native_frontmost_clearance_v7_v8_160
4327_callback_close	-5.0	121	46	75	0	27	3	16	drawer565_drawer_close_libero90_t22_s30_r0_native_frontmost_clearance_v7_v8_160,drawer565_drawer_close_libero90_t23_s20_r0_native_frontmost_clearance_v7_v8_160	drawer565_drawer_close_libero90_t0_s10_r0_native_frontmost_clearance_v7_v8_160,drawer565_drawer_close_libero90_t0_s30_r0_native_frontmost_clearance_v7_v8_160,drawer565_drawer_close_libero90_t22_s10_r0_native_frontmost_clearance_v7_v8_160,drawer565_drawer_close_libero90_t22_s20_r0_native_frontmost_clearance_v7_v8_160,drawer565_drawer_close_libero90_t22_s30_r0_native_frontmost_clearance_v7_v8_160,drawer565_drawer_close_libero90_t23_s10_r0_native_frontmost_clearance_v7_v8_160,drawer565_drawer_close_libero90_t23_s30_r0_native_frontmost_clearance_v7_v8_160,drawer565_drawer_close_libero90_t28_s10_r0_native_frontmost_clearance_v7_v8_160
4327_callback_close	-2.197265625	121	46	75	2	27	3	14	drawer565_drawer_close_libero90_t22_s30_r0_native_frontmost_clearance_v7_v8_160,drawer565_drawer_close_libero90_t23_s20_r0_native_frontmost_clearance_v7_v8_160	drawer565_drawer_close_libero90_t0_s30_r0_native_frontmost_clearance_v7_v8_160,drawer565_drawer_close_libero90_t22_s10_r0_native_frontmost_clearance_v7_v8_160,drawer565_drawer_close_libero90_t22_s20_r0_native_frontmost_clearance_v7_v8_160,drawer565_drawer_close_libero90_t22_s30_r0_native_frontmost_clearance_v7_v8_160,drawer565_drawer_close_libero90_t23_s10_r0_native_frontmost_clearance_v7_v8_160,drawer565_drawer_close_libero90_t23_s30_r0_native_frontmost_clearance_v7_v8_160,drawer565_drawer_close_libero90_t28_s10_r0_native_frontmost_clearance_v7_v8_160
4327_callback_close	-2.0	121	46	75	2	27	3	14	drawer565_drawer_close_libero90_t22_s30_r0_native_frontmost_clearance_v7_v8_160,drawer565_drawer_close_libero90_t23_s20_r0_native_frontmost_clearance_v7_v8_160	drawer565_drawer_close_libero90_t0_s30_r0_native_frontmost_clearance_v7_v8_160,drawer565_drawer_close_libero90_t22_s10_r0_native_frontmost_clearance_v7_v8_160,drawer565_drawer_close_libero90_t22_s20_r0_native_frontmost_clearance_v7_v8_160,drawer565_drawer_close_libero90_t22_s30_r0_native_frontmost_clearance_v7_v8_160,drawer565_drawer_close_libero90_t23_s10_r0_native_frontmost_clearance_v7_v8_160,drawer565_drawer_close_libero90_t23_s30_r0_native_frontmost_clearance_v7_v8_160,drawer565_drawer_close_libero90_t28_s10_r0_native_frontmost_clearance_v7_v8_160
4327_callback_close	-1.953125	121	46	75	2	27	3	14	drawer565_drawer_close_libero90_t22_s30_r0_native_frontmost_clearance_v7_v8_160,drawer565_drawer_close_libero90_t23_s20_r0_native_frontmost_clearance_v7_v8_160	drawer565_drawer_close_libero90_t0_s30_r0_native_frontmost_clearance_v7_v8_160,drawer565_drawer_close_libero90_t22_s10_r0_native_frontmost_clearance_v7_v8_160,drawer565_drawer_close_libero90_t22_s20_r0_native_frontmost_clearance_v7_v8_160,drawer565_drawer_close_libero90_t22_s30_r0_native_frontmost_clearance_v7_v8_160,drawer565_drawer_close_libero90_t23_s10_r0_native_frontmost_clearance_v7_v8_160,drawer565_drawer_close_libero90_t23_s30_r0_native_frontmost_clearance_v7_v8_160,drawer565_drawer_close_libero90_t28_s10_r0_native_frontmost_clearance_v7_v8_160
4327_callback_close	-1.708984375	121	46	75	4	27	3	12	drawer565_drawer_close_libero90_t22_s30_r0_native_frontmost_clearance_v7_v8_160,drawer565_drawer_close_libero90_t23_s20_r0_native_frontmost_clearance_v7_v8_160	drawer565_drawer_close_libero90_t0_s30_r0_native_frontmost_clearance_v7_v8_160,drawer565_drawer_close_libero90_t22_s10_r0_native_frontmost_clearance_v7_v8_160,drawer565_drawer_close_libero90_t22_s20_r0_native_frontmost_clearance_v7_v8_160,drawer565_drawer_close_libero90_t22_s30_r0_native_frontmost_clearance_v7_v8_160,drawer565_drawer_close_libero90_t23_s30_r0_native_frontmost_clearance_v7_v8_160,drawer565_drawer_close_libero90_t28_s10_r0_native_frontmost_clearance_v7_v8_160
4327_callback_close	-1.64794921875	121	46	75	4	27	3	12	drawer565_drawer_close_libero90_t22_s30_r0_native_frontmost_clearance_v7_v8_160,drawer565_drawer_close_libero90_t23_s20_r0_native_frontmost_clearance_v7_v8_160	drawer565_drawer_close_libero90_t0_s30_r0_native_frontmost_clearance_v7_v8_160,drawer565_drawer_close_libero90_t22_s10_r0_native_frontmost_clearance_v7_v8_160,drawer565_drawer_close_libero90_t22_s20_r0_native_frontmost_clearance_v7_v8_160,drawer565_drawer_close_libero90_t22_s30_r0_native_frontmost_clearance_v7_v8_160,drawer565_drawer_close_libero90_t23_s30_r0_native_frontmost_clearance_v7_v8_160,drawer565_drawer_close_libero90_t28_s10_r0_native_frontmost_clearance_v7_v8_160
4327_callback_close	-1.5869140625	121	46	75	5	27	3	11	drawer565_drawer_close_libero90_t22_s30_r0_native_frontmost_clearance_v7_v8_160,drawer565_drawer_close_libero90_t23_s20_r0_native_frontmost_clearance_v7_v8_160	drawer565_drawer_close_libero90_t0_s30_r0_native_frontmost_clearance_v7_v8_160,drawer565_drawer_close_libero90_t22_s10_r0_native_frontmost_clearance_v7_v8_160,drawer565_drawer_close_libero90_t22_s20_r0_native_frontmost_clearance_v7_v8_160,drawer565_drawer_close_libero90_t22_s30_r0_native_frontmost_clearance_v7_v8_160,drawer565_drawer_close_libero90_t23_s30_r0_native_frontmost_clearance_v7_v8_160,drawer565_drawer_close_libero90_t28_s10_r0_native_frontmost_clearance_v7_v8_160
4327_callback_close	-1.52587890625	121	46	75	5	27	3	11	drawer565_drawer_close_libero90_t22_s30_r0_native_frontmost_clearance_v7_v8_160,drawer565_drawer_close_libero90_t23_s20_r0_native_frontmost_clearance_v7_v8_160	drawer565_drawer_close_libero90_t0_s30_r0_native_frontmost_clearance_v7_v8_160,drawer565_drawer_close_libero90_t22_s10_r0_native_frontmost_clearance_v7_v8_160,drawer565_drawer_close_libero90_t22_s20_r0_native_frontmost_clearance_v7_v8_160,drawer565_drawer_close_libero90_t22_s30_r0_native_frontmost_clearance_v7_v8_160,drawer565_drawer_close_libero90_t23_s30_r0_native_frontmost_clearance_v7_v8_160,drawer565_drawer_close_libero90_t28_s10_r0_native_frontmost_clearance_v7_v8_160
4327_callback_close	-1.46484375	121	46	75	8	27	3	8	drawer565_drawer_close_libero90_t22_s30_r0_native_frontmost_clearance_v7_v8_160,drawer565_drawer_close_libero90_t23_s20_r0_native_frontmost_clearance_v7_v8_160	drawer565_drawer_close_libero90_t0_s30_r0_native_frontmost_clearance_v7_v8_160,drawer565_drawer_close_libero90_t22_s10_r0_native_frontmost_clearance_v7_v8_160,drawer565_drawer_close_libero90_t22_s20_r0_native_frontmost_clearance_v7_v8_160,drawer565_drawer_close_libero90_t22_s30_r0_native_frontmost_clearance_v7_v8_160,drawer565_drawer_close_libero90_t23_s30_r0_native_frontmost_clearance_v7_v8_160,drawer565_drawer_close_libero90_t28_s10_r0_native_frontmost_clearance_v7_v8_160
4327_callback_close	-1.40380859375	121	46	75	8	27	3	8	drawer565_drawer_close_libero90_t22_s30_r0_native_frontmost_clearance_v7_v8_160,drawer565_drawer_close_libero90_t23_s20_r0_native_frontmost_clearance_v7_v8_160	drawer565_drawer_close_libero90_t0_s30_r0_native_frontmost_clearance_v7_v8_160,drawer565_drawer_close_libero90_t22_s10_r0_native_frontmost_clearance_v7_v8_160,drawer565_drawer_close_libero90_t22_s20_r0_native_frontmost_clearance_v7_v8_160,drawer565_drawer_close_libero90_t22_s30_r0_native_frontmost_clearance_v7_v8_160,drawer565_drawer_close_libero90_t23_s30_r0_native_frontmost_clearance_v7_v8_160,drawer565_drawer_close_libero90_t28_s10_r0_native_frontmost_clearance_v7_v8_160
4327_callback_close	-1.3427734375	121	46	75	11	27	3	5	drawer565_drawer_close_libero90_t22_s30_r0_native_frontmost_clearance_v7_v8_160,drawer565_drawer_close_libero90_t23_s20_r0_native_frontmost_clearance_v7_v8_160	drawer565_drawer_close_libero90_t0_s30_r0_native_frontmost_clearance_v7_v8_160,drawer565_drawer_close_libero90_t22_s10_r0_native_frontmost_clearance_v7_v8_160,drawer565_drawer_close_libero90_t22_s20_r0_native_frontmost_clearance_v7_v8_160,drawer565_drawer_close_libero90_t23_s30_r0_native_frontmost_clearance_v7_v8_160
4327_callback_close	-1.15966796875	121	46	75	11	27	3	5	drawer565_drawer_close_libero90_t22_s30_r0_native_frontmost_clearance_v7_v8_160,drawer565_drawer_close_libero90_t23_s20_r0_native_frontmost_clearance_v7_v8_160	drawer565_drawer_close_libero90_t0_s30_r0_native_frontmost_clearance_v7_v8_160,drawer565_drawer_close_libero90_t22_s10_r0_native_frontmost_clearance_v7_v8_160,drawer565_drawer_close_libero90_t22_s20_r0_native_frontmost_clearance_v7_v8_160,drawer565_drawer_close_libero90_t23_s30_r0_native_frontmost_clearance_v7_v8_160
4327_callback_close	-1.0	121	46	75	11	27	3	5	drawer565_drawer_close_libero90_t22_s30_r0_native_frontmost_clearance_v7_v8_160,drawer565_drawer_close_libero90_t23_s20_r0_native_frontmost_clearance_v7_v8_160	drawer565_drawer_close_libero90_t0_s30_r0_native_frontmost_clearance_v7_v8_160,drawer565_drawer_close_libero90_t22_s10_r0_native_frontmost_clearance_v7_v8_160,drawer565_drawer_close_libero90_t22_s20_r0_native_frontmost_clearance_v7_v8_160,drawer565_drawer_close_libero90_t23_s30_r0_native_frontmost_clearance_v7_v8_160
4327_callback_close	-0.9765625	121	46	75	13	27	3	3	drawer565_drawer_close_libero90_t22_s30_r0_native_frontmost_clearance_v7_v8_160,drawer565_drawer_close_libero90_t23_s20_r0_native_frontmost_clearance_v7_v8_160	drawer565_drawer_close_libero90_t0_s30_r0_native_frontmost_clearance_v7_v8_160,drawer565_drawer_close_libero90_t22_s10_r0_native_frontmost_clearance_v7_v8_160,drawer565_drawer_close_libero90_t22_s20_r0_native_frontmost_clearance_v7_v8_160
4327_callback_close	-0.54931640625	121	46	75	13	27	3	3	drawer565_drawer_close_libero90_t22_s30_r0_native_frontmost_clearance_v7_v8_160,drawer565_drawer_close_libero90_t23_s20_r0_native_frontmost_clearance_v7_v8_160	drawer565_drawer_close_libero90_t0_s30_r0_native_frontmost_clearance_v7_v8_160,drawer565_drawer_close_libero90_t22_s10_r0_native_frontmost_clearance_v7_v8_160,drawer565_drawer_close_libero90_t22_s20_r0_native_frontmost_clearance_v7_v8_160
4327_callback_close	-0.5	121	46	75	13	27	3	3	drawer565_drawer_close_libero90_t22_s30_r0_native_frontmost_clearance_v7_v8_160,drawer565_drawer_close_libero90_t23_s20_r0_native_frontmost_clearance_v7_v8_160	drawer565_drawer_close_libero90_t0_s30_r0_native_frontmost_clearance_v7_v8_160,drawer565_drawer_close_libero90_t22_s10_r0_native_frontmost_clearance_v7_v8_160,drawer565_drawer_close_libero90_t22_s20_r0_native_frontmost_clearance_v7_v8_160
4327_callback_close	-0.1220703125	121	46	75	14	26	4	2	drawer565_drawer_close_libero90_t22_s30_r0_native_frontmost_clearance_v7_v8_160,drawer565_drawer_close_libero90_t23_s10_r0_native_frontmost_clearance_v7_v8_160,drawer565_drawer_close_libero90_t23_s20_r0_native_frontmost_clearance_v7_v8_160	drawer565_drawer_close_libero90_t0_s30_r0_native_frontmost_clearance_v7_v8_160,drawer565_drawer_close_libero90_t22_s20_r0_native_frontmost_clearance_v7_v8_160
4327_callback_close	0.0	121	46	75	14	26	4	2	drawer565_drawer_close_libero90_t22_s30_r0_native_frontmost_clearance_v7_v8_160,drawer565_drawer_close_libero90_t23_s10_r0_native_frontmost_clearance_v7_v8_160,drawer565_drawer_close_libero90_t23_s20_r0_native_frontmost_clearance_v7_v8_160	drawer565_drawer_close_libero90_t0_s30_r0_native_frontmost_clearance_v7_v8_160,drawer565_drawer_close_libero90_t22_s20_r0_native_frontmost_clearance_v7_v8_160
4327_callback_close	0.06103515625	121	46	75	14	26	4	2	drawer565_drawer_close_libero90_t22_s30_r0_native_frontmost_clearance_v7_v8_160,drawer565_drawer_close_libero90_t23_s10_r0_native_frontmost_clearance_v7_v8_160,drawer565_drawer_close_libero90_t23_s20_r0_native_frontmost_clearance_v7_v8_160	drawer565_drawer_close_libero90_t0_s30_r0_native_frontmost_clearance_v7_v8_160,drawer565_drawer_close_libero90_t22_s20_r0_native_frontmost_clearance_v7_v8_160
4327_callback_close	0.24017693624991032	121	46	75	14	26	4	2	drawer565_drawer_close_libero90_t22_s30_r0_native_frontmost_clearance_v7_v8_160,drawer565_drawer_close_libero90_t23_s10_r0_native_frontmost_clearance_v7_v8_160,drawer565_drawer_close_libero90_t23_s20_r0_native_frontmost_clearance_v7_v8_160	drawer565_drawer_close_libero90_t0_s30_r0_native_frontmost_clearance_v7_v8_160,drawer565_drawer_close_libero90_t22_s20_r0_native_frontmost_clearance_v7_v8_160
4327_callback_close	0.244140625	121	46	75	14	25	5	2	drawer565_drawer_close_libero90_t22_s30_r0_native_frontmost_clearance_v7_v8_160,drawer565_drawer_close_libero90_t23_s10_r0_native_frontmost_clearance_v7_v8_160,drawer565_drawer_close_libero90_t23_s20_r0_native_frontmost_clearance_v7_v8_160	drawer565_drawer_close_libero90_t0_s30_r0_native_frontmost_clearance_v7_v8_160,drawer565_drawer_close_libero90_t22_s20_r0_native_frontmost_clearance_v7_v8_160
4327_callback_close	0.3662109375	121	46	75	14	25	5	2	drawer565_drawer_close_libero90_t22_s30_r0_native_frontmost_clearance_v7_v8_160,drawer565_drawer_close_libero90_t23_s10_r0_native_frontmost_clearance_v7_v8_160,drawer565_drawer_close_libero90_t23_s20_r0_native_frontmost_clearance_v7_v8_160	drawer565_drawer_close_libero90_t0_s30_r0_native_frontmost_clearance_v7_v8_160,drawer565_drawer_close_libero90_t22_s20_r0_native_frontmost_clearance_v7_v8_160
4327_callback_close	0.48828125	121	46	75	14	23	7	2	drawer565_drawer_close_libero90_t22_s30_r0_native_frontmost_clearance_v7_v8_160,drawer565_drawer_close_libero90_t23_s10_r0_native_frontmost_clearance_v7_v8_160,drawer565_drawer_close_libero90_t23_s20_r0_native_frontmost_clearance_v7_v8_160	drawer565_drawer_close_libero90_t0_s30_r0_native_frontmost_clearance_v7_v8_160,drawer565_drawer_close_libero90_t22_s20_r0_native_frontmost_clearance_v7_v8_160
4327_callback_close	0.5	121	46	75	14	23	7	2	drawer565_drawer_close_libero90_t22_s30_r0_native_frontmost_clearance_v7_v8_160,drawer565_drawer_close_libero90_t23_s10_r0_native_frontmost_clearance_v7_v8_160,drawer565_drawer_close_libero90_t23_s20_r0_native_frontmost_clearance_v7_v8_160	drawer565_drawer_close_libero90_t0_s30_r0_native_frontmost_clearance_v7_v8_160,drawer565_drawer_close_libero90_t22_s20_r0_native_frontmost_clearance_v7_v8_160
4327_callback_close	0.54931640625	121	46	75	14	23	7	2	drawer565_drawer_close_libero90_t22_s30_r0_native_frontmost_clearance_v7_v8_160,drawer565_drawer_close_libero90_t23_s10_r0_native_frontmost_clearance_v7_v8_160,drawer565_drawer_close_libero90_t23_s20_r0_native_frontmost_clearance_v7_v8_160	drawer565_drawer_close_libero90_t0_s30_r0_native_frontmost_clearance_v7_v8_160,drawer565_drawer_close_libero90_t22_s20_r0_native_frontmost_clearance_v7_v8_160
4327_callback_close	0.6103515625	121	46	75	14	20	10	2	drawer565_drawer_close_libero90_t22_s30_r0_native_frontmost_clearance_v7_v8_160,drawer565_drawer_close_libero90_t23_s10_r0_native_frontmost_clearance_v7_v8_160,drawer565_drawer_close_libero90_t23_s20_r0_native_frontmost_clearance_v7_v8_160	drawer565_drawer_close_libero90_t0_s30_r0_native_frontmost_clearance_v7_v8_160,drawer565_drawer_close_libero90_t22_s20_r0_native_frontmost_clearance_v7_v8_160
4327_callback_close	0.67138671875	121	46	75	14	20	10	2	drawer565_drawer_close_libero90_t22_s30_r0_native_frontmost_clearance_v7_v8_160,drawer565_drawer_close_libero90_t23_s10_r0_native_frontmost_clearance_v7_v8_160,drawer565_drawer_close_libero90_t23_s20_r0_native_frontmost_clearance_v7_v8_160	drawer565_drawer_close_libero90_t0_s30_r0_native_frontmost_clearance_v7_v8_160,drawer565_drawer_close_libero90_t22_s20_r0_native_frontmost_clearance_v7_v8_160
4327_callback_close	0.732421875	121	46	75	14	17	13	2	drawer565_drawer_close_libero90_t22_s10_r0_native_frontmost_clearance_v7_v8_160,drawer565_drawer_close_libero90_t22_s30_r0_native_frontmost_clearance_v7_v8_160,drawer565_drawer_close_libero90_t23_s10_r0_native_frontmost_clearance_v7_v8_160,drawer565_drawer_close_libero90_t23_s20_r0_native_frontmost_clearance_v7_v8_160	drawer565_drawer_close_libero90_t0_s30_r0_native_frontmost_clearance_v7_v8_160,drawer565_drawer_close_libero90_t22_s20_r0_native_frontmost_clearance_v7_v8_160
4327_callback_close	0.79345703125	121	46	75	14	17	13	2	drawer565_drawer_close_libero90_t22_s10_r0_native_frontmost_clearance_v7_v8_160,drawer565_drawer_close_libero90_t22_s30_r0_native_frontmost_clearance_v7_v8_160,drawer565_drawer_close_libero90_t23_s10_r0_native_frontmost_clearance_v7_v8_160,drawer565_drawer_close_libero90_t23_s20_r0_native_frontmost_clearance_v7_v8_160	drawer565_drawer_close_libero90_t0_s30_r0_native_frontmost_clearance_v7_v8_160,drawer565_drawer_close_libero90_t22_s20_r0_native_frontmost_clearance_v7_v8_160
4327_callback_close	0.8544921875	121	46	75	14	15	15	2	drawer565_drawer_close_libero90_t22_s10_r0_native_frontmost_clearance_v7_v8_160,drawer565_drawer_close_libero90_t22_s30_r0_native_frontmost_clearance_v7_v8_160,drawer565_drawer_close_libero90_t23_s10_r0_native_frontmost_clearance_v7_v8_160,drawer565_drawer_close_libero90_t23_s20_r0_native_frontmost_clearance_v7_v8_160	drawer565_drawer_close_libero90_t0_s30_r0_native_frontmost_clearance_v7_v8_160,drawer565_drawer_close_libero90_t22_s20_r0_native_frontmost_clearance_v7_v8_160
4327_callback_close	0.91552734375	121	46	75	14	15	15	2	drawer565_drawer_close_libero90_t22_s10_r0_native_frontmost_clearance_v7_v8_160,drawer565_drawer_close_libero90_t22_s30_r0_native_frontmost_clearance_v7_v8_160,drawer565_drawer_close_libero90_t23_s10_r0_native_frontmost_clearance_v7_v8_160,drawer565_drawer_close_libero90_t23_s20_r0_native_frontmost_clearance_v7_v8_160	drawer565_drawer_close_libero90_t0_s30_r0_native_frontmost_clearance_v7_v8_160,drawer565_drawer_close_libero90_t22_s20_r0_native_frontmost_clearance_v7_v8_160
4327_callback_close	0.9765625	121	46	75	14	14	16	2	drawer565_drawer_close_libero90_t22_s10_r0_native_frontmost_clearance_v7_v8_160,drawer565_drawer_close_libero90_t22_s30_r0_native_frontmost_clearance_v7_v8_160,drawer565_drawer_close_libero90_t23_s10_r0_native_frontmost_clearance_v7_v8_160,drawer565_drawer_close_libero90_t23_s20_r0_native_frontmost_clearance_v7_v8_160	drawer565_drawer_close_libero90_t0_s30_r0_native_frontmost_clearance_v7_v8_160,drawer565_drawer_close_libero90_t22_s20_r0_native_frontmost_clearance_v7_v8_160
4327_callback_close	1.0	121	46	75	14	14	16	2	drawer565_drawer_close_libero90_t22_s10_r0_native_frontmost_clearance_v7_v8_160,drawer565_drawer_close_libero90_t22_s30_r0_native_frontmost_clearance_v7_v8_160,drawer565_drawer_close_libero90_t23_s10_r0_native_frontmost_clearance_v7_v8_160,drawer565_drawer_close_libero90_t23_s20_r0_native_frontmost_clearance_v7_v8_160	drawer565_drawer_close_libero90_t0_s30_r0_native_frontmost_clearance_v7_v8_160,drawer565_drawer_close_libero90_t22_s20_r0_native_frontmost_clearance_v7_v8_160
4327_callback_close	1.0986328125	121	46	75	14	14	16	2	drawer565_drawer_close_libero90_t22_s10_r0_native_frontmost_clearance_v7_v8_160,drawer565_drawer_close_libero90_t22_s30_r0_native_frontmost_clearance_v7_v8_160,drawer565_drawer_close_libero90_t23_s10_r0_native_frontmost_clearance_v7_v8_160,drawer565_drawer_close_libero90_t23_s20_r0_native_frontmost_clearance_v7_v8_160	drawer565_drawer_close_libero90_t0_s30_r0_native_frontmost_clearance_v7_v8_160,drawer565_drawer_close_libero90_t22_s20_r0_native_frontmost_clearance_v7_v8_160
4327_callback_close	1.220703125	121	46	75	14	13	17	2	drawer565_drawer_close_libero90_t22_s10_r0_native_frontmost_clearance_v7_v8_160,drawer565_drawer_close_libero90_t22_s30_r0_native_frontmost_clearance_v7_v8_160,drawer565_drawer_close_libero90_t23_s10_r0_native_frontmost_clearance_v7_v8_160,drawer565_drawer_close_libero90_t23_s20_r0_native_frontmost_clearance_v7_v8_160	drawer565_drawer_close_libero90_t0_s30_r0_native_frontmost_clearance_v7_v8_160,drawer565_drawer_close_libero90_t22_s20_r0_native_frontmost_clearance_v7_v8_160
4327_callback_close	1.5	121	46	75	14	13	17	2	drawer565_drawer_close_libero90_t22_s10_r0_native_frontmost_clearance_v7_v8_160,drawer565_drawer_close_libero90_t22_s30_r0_native_frontmost_clearance_v7_v8_160,drawer565_drawer_close_libero90_t23_s10_r0_native_frontmost_clearance_v7_v8_160,drawer565_drawer_close_libero90_t23_s20_r0_native_frontmost_clearance_v7_v8_160	drawer565_drawer_close_libero90_t0_s30_r0_native_frontmost_clearance_v7_v8_160,drawer565_drawer_close_libero90_t22_s20_r0_native_frontmost_clearance_v7_v8_160
4327_callback_close	1.708984375	121	46	75	14	13	17	2	drawer565_drawer_close_libero90_t22_s10_r0_native_frontmost_clearance_v7_v8_160,drawer565_drawer_close_libero90_t22_s30_r0_native_frontmost_clearance_v7_v8_160,drawer565_drawer_close_libero90_t23_s10_r0_native_frontmost_clearance_v7_v8_160,drawer565_drawer_close_libero90_t23_s20_r0_native_frontmost_clearance_v7_v8_160	drawer565_drawer_close_libero90_t0_s30_r0_native_frontmost_clearance_v7_v8_160,drawer565_drawer_close_libero90_t22_s20_r0_native_frontmost_clearance_v7_v8_160
4327_callback_close	2.0	121	46	75	14	13	17	2	drawer565_drawer_close_libero90_t22_s10_r0_native_frontmost_clearance_v7_v8_160,drawer565_drawer_close_libero90_t22_s30_r0_native_frontmost_clearance_v7_v8_160,drawer565_drawer_close_libero90_t23_s10_r0_native_frontmost_clearance_v7_v8_160,drawer565_drawer_close_libero90_t23_s20_r0_native_frontmost_clearance_v7_v8_160	drawer565_drawer_close_libero90_t0_s30_r0_native_frontmost_clearance_v7_v8_160,drawer565_drawer_close_libero90_t22_s20_r0_native_frontmost_clearance_v7_v8_160
4327_callback_close	2.197265625	121	46	75	14	12	18	2	drawer565_drawer_close_libero90_t22_s10_r0_native_frontmost_clearance_v7_v8_160,drawer565_drawer_close_libero90_t22_s30_r0_native_frontmost_clearance_v7_v8_160,drawer565_drawer_close_libero90_t23_s10_r0_native_frontmost_clearance_v7_v8_160,drawer565_drawer_close_libero90_t23_s20_r0_native_frontmost_clearance_v7_v8_160	drawer565_drawer_close_libero90_t0_s30_r0_native_frontmost_clearance_v7_v8_160,drawer565_drawer_close_libero90_t22_s20_r0_native_frontmost_clearance_v7_v8_160
4327_callback_close	2.99072265625	121	46	75	14	12	18	2	drawer565_drawer_close_libero90_t22_s10_r0_native_frontmost_clearance_v7_v8_160,drawer565_drawer_close_libero90_t22_s30_r0_native_frontmost_clearance_v7_v8_160,drawer565_drawer_close_libero90_t23_s10_r0_native_frontmost_clearance_v7_v8_160,drawer565_drawer_close_libero90_t23_s20_r0_native_frontmost_clearance_v7_v8_160	drawer565_drawer_close_libero90_t0_s30_r0_native_frontmost_clearance_v7_v8_160,drawer565_drawer_close_libero90_t22_s20_r0_native_frontmost_clearance_v7_v8_160
4327_callback_close	3.7841796875	121	46	75	14	11	19	2	drawer565_drawer_close_libero90_t22_s10_r0_native_frontmost_clearance_v7_v8_160,drawer565_drawer_close_libero90_t22_s30_r0_native_frontmost_clearance_v7_v8_160,drawer565_drawer_close_libero90_t23_s10_r0_native_frontmost_clearance_v7_v8_160,drawer565_drawer_close_libero90_t23_s20_r0_native_frontmost_clearance_v7_v8_160	drawer565_drawer_close_libero90_t0_s30_r0_native_frontmost_clearance_v7_v8_160,drawer565_drawer_close_libero90_t22_s20_r0_native_frontmost_clearance_v7_v8_160
4327_callback_close	5.0	121	46	75	14	11	19	2	drawer565_drawer_close_libero90_t22_s10_r0_native_frontmost_clearance_v7_v8_160,drawer565_drawer_close_libero90_t22_s30_r0_native_frontmost_clearance_v7_v8_160,drawer565_drawer_close_libero90_t23_s10_r0_native_frontmost_clearance_v7_v8_160,drawer565_drawer_close_libero90_t23_s20_r0_native_frontmost_clearance_v7_v8_160	drawer565_drawer_close_libero90_t0_s30_r0_native_frontmost_clearance_v7_v8_160,drawer565_drawer_close_libero90_t22_s20_r0_native_frontmost_clearance_v7_v8_160
4327_callback_close	5.31005859375	121	46	75	14	11	19	2	drawer565_drawer_close_libero90_t22_s10_r0_native_frontmost_clearance_v7_v8_160,drawer565_drawer_close_libero90_t22_s30_r0_native_frontmost_clearance_v7_v8_160,drawer565_drawer_close_libero90_t23_s10_r0_native_frontmost_clearance_v7_v8_160,drawer565_drawer_close_libero90_t23_s20_r0_native_frontmost_clearance_v7_v8_160	drawer565_drawer_close_libero90_t0_s30_r0_native_frontmost_clearance_v7_v8_160,drawer565_drawer_close_libero90_t22_s20_r0_native_frontmost_clearance_v7_v8_160
4327_callback_close	6.8359375	121	46	75	14	10	20	2	drawer565_drawer_close_libero90_t22_s10_r0_native_frontmost_clearance_v7_v8_160,drawer565_drawer_close_libero90_t22_s30_r0_native_frontmost_clearance_v7_v8_160,drawer565_drawer_close_libero90_t23_s10_r0_native_frontmost_clearance_v7_v8_160,drawer565_drawer_close_libero90_t23_s20_r0_native_frontmost_clearance_v7_v8_160	drawer565_drawer_close_libero90_t0_s30_r0_native_frontmost_clearance_v7_v8_160,drawer565_drawer_close_libero90_t22_s20_r0_native_frontmost_clearance_v7_v8_160
4327_callback_close	7.38525390625	121	46	75	14	10	20	2	drawer565_drawer_close_libero90_t22_s10_r0_native_frontmost_clearance_v7_v8_160,drawer565_drawer_close_libero90_t22_s30_r0_native_frontmost_clearance_v7_v8_160,drawer565_drawer_close_libero90_t23_s10_r0_native_frontmost_clearance_v7_v8_160,drawer565_drawer_close_libero90_t23_s20_r0_native_frontmost_clearance_v7_v8_160	drawer565_drawer_close_libero90_t0_s30_r0_native_frontmost_clearance_v7_v8_160,drawer565_drawer_close_libero90_t22_s20_r0_native_frontmost_clearance_v7_v8_160
4327_callback_close	7.9345703125	121	46	75	14	8	22	2	drawer565_drawer_close_libero90_t22_s10_r0_native_frontmost_clearance_v7_v8_160,drawer565_drawer_close_libero90_t22_s30_r0_native_frontmost_clearance_v7_v8_160,drawer565_drawer_close_libero90_t23_s10_r0_native_frontmost_clearance_v7_v8_160,drawer565_drawer_close_libero90_t23_s20_r0_native_frontmost_clearance_v7_v8_160	drawer565_drawer_close_libero90_t0_s30_r0_native_frontmost_clearance_v7_v8_160,drawer565_drawer_close_libero90_t22_s20_r0_native_frontmost_clearance_v7_v8_160
4327_callback_close	10.25390625	121	46	75	14	8	22	2	drawer565_drawer_close_libero90_t22_s10_r0_native_frontmost_clearance_v7_v8_160,drawer565_drawer_close_libero90_t22_s30_r0_native_frontmost_clearance_v7_v8_160,drawer565_drawer_close_libero90_t23_s10_r0_native_frontmost_clearance_v7_v8_160,drawer565_drawer_close_libero90_t23_s20_r0_native_frontmost_clearance_v7_v8_160	drawer565_drawer_close_libero90_t0_s30_r0_native_frontmost_clearance_v7_v8_160,drawer565_drawer_close_libero90_t22_s20_r0_native_frontmost_clearance_v7_v8_160
4327_callback_close	12.5732421875	121	46	75	14	7	23	2	drawer565_drawer_close_libero90_t22_s10_r0_native_frontmost_clearance_v7_v8_160,drawer565_drawer_close_libero90_t22_s30_r0_native_frontmost_clearance_v7_v8_160,drawer565_drawer_close_libero90_t23_s10_r0_native_frontmost_clearance_v7_v8_160,drawer565_drawer_close_libero90_t23_s20_r0_native_frontmost_clearance_v7_v8_160	drawer565_drawer_close_libero90_t0_s30_r0_native_frontmost_clearance_v7_v8_160,drawer565_drawer_close_libero90_t22_s20_r0_native_frontmost_clearance_v7_v8_160
4327_callback_close	15.0	121	46	75	14	7	23	2	drawer565_drawer_close_libero90_t22_s10_r0_native_frontmost_clearance_v7_v8_160,drawer565_drawer_close_libero90_t22_s30_r0_native_frontmost_clearance_v7_v8_160,drawer565_drawer_close_libero90_t23_s10_r0_native_frontmost_clearance_v7_v8_160,drawer565_drawer_close_libero90_t23_s20_r0_native_frontmost_clearance_v7_v8_160	drawer565_drawer_close_libero90_t0_s30_r0_native_frontmost_clearance_v7_v8_160,drawer565_drawer_close_libero90_t22_s20_r0_native_frontmost_clearance_v7_v8_160
4327_callback_close	20.93505859375	121	46	75	14	7	23	2	drawer565_drawer_close_libero90_t22_s10_r0_native_frontmost_clearance_v7_v8_160,drawer565_drawer_close_libero90_t22_s30_r0_native_frontmost_clearance_v7_v8_160,drawer565_drawer_close_libero90_t23_s10_r0_native_frontmost_clearance_v7_v8_160,drawer565_drawer_close_libero90_t23_s20_r0_native_frontmost_clearance_v7_v8_160	drawer565_drawer_close_libero90_t0_s30_r0_native_frontmost_clearance_v7_v8_160,drawer565_drawer_close_libero90_t22_s20_r0_native_frontmost_clearance_v7_v8_160
4327_callback_close	29.296875	121	46	75	15	7	23	1	drawer565_drawer_close_libero90_t22_s10_r0_native_frontmost_clearance_v7_v8_160,drawer565_drawer_close_libero90_t22_s30_r0_native_frontmost_clearance_v7_v8_160,drawer565_drawer_close_libero90_t23_s10_r0_native_frontmost_clearance_v7_v8_160,drawer565_drawer_close_libero90_t23_s20_r0_native_frontmost_clearance_v7_v8_160	drawer565_drawer_close_libero90_t22_s20_r0_native_frontmost_clearance_v7_v8_160
4327_callback_close	45.71533203125	121	46	75	15	7	23	1	drawer565_drawer_close_libero90_t22_s10_r0_native_frontmost_clearance_v7_v8_160,drawer565_drawer_close_libero90_t22_s30_r0_native_frontmost_clearance_v7_v8_160,drawer565_drawer_close_libero90_t23_s10_r0_native_frontmost_clearance_v7_v8_160,drawer565_drawer_close_libero90_t23_s20_r0_native_frontmost_clearance_v7_v8_160	drawer565_drawer_close_libero90_t22_s20_r0_native_frontmost_clearance_v7_v8_160
4327_callback_close	62.1337890625	121	46	75	16	7	23	0	drawer565_drawer_close_libero90_t22_s10_r0_native_frontmost_clearance_v7_v8_160,drawer565_drawer_close_libero90_t22_s30_r0_native_frontmost_clearance_v7_v8_160,drawer565_drawer_close_libero90_t23_s10_r0_native_frontmost_clearance_v7_v8_160,drawer565_drawer_close_libero90_t23_s20_r0_native_frontmost_clearance_v7_v8_160	
4327_callback_close	63.5986328125	121	46	75	16	7	23	0	drawer565_drawer_close_libero90_t22_s10_r0_native_frontmost_clearance_v7_v8_160,drawer565_drawer_close_libero90_t22_s30_r0_native_frontmost_clearance_v7_v8_160,drawer565_drawer_close_libero90_t23_s10_r0_native_frontmost_clearance_v7_v8_160,drawer565_drawer_close_libero90_t23_s20_r0_native_frontmost_clearance_v7_v8_160	
4327_callback_close	65.0634765625	121	46	75	16	6	24	0	drawer565_drawer_close_libero90_t0_s30_r0_native_frontmost_clearance_v7_v8_160,drawer565_drawer_close_libero90_t22_s10_r0_native_frontmost_clearance_v7_v8_160,drawer565_drawer_close_libero90_t22_s30_r0_native_frontmost_clearance_v7_v8_160,drawer565_drawer_close_libero90_t23_s10_r0_native_frontmost_clearance_v7_v8_160,drawer565_drawer_close_libero90_t23_s20_r0_native_frontmost_clearance_v7_v8_160	
4327_callback_close	67.87109375	121	46	75	16	6	24	0	drawer565_drawer_close_libero90_t0_s30_r0_native_frontmost_clearance_v7_v8_160,drawer565_drawer_close_libero90_t22_s10_r0_native_frontmost_clearance_v7_v8_160,drawer565_drawer_close_libero90_t22_s30_r0_native_frontmost_clearance_v7_v8_160,drawer565_drawer_close_libero90_t23_s10_r0_native_frontmost_clearance_v7_v8_160,drawer565_drawer_close_libero90_t23_s20_r0_native_frontmost_clearance_v7_v8_160	
4327_callback_close	70.6787109375	121	46	75	16	5	25	0	drawer565_drawer_close_libero90_t0_s10_r0_native_frontmost_clearance_v7_v8_160,drawer565_drawer_close_libero90_t0_s30_r0_native_frontmost_clearance_v7_v8_160,drawer565_drawer_close_libero90_t22_s10_r0_native_frontmost_clearance_v7_v8_160,drawer565_drawer_close_libero90_t22_s30_r0_native_frontmost_clearance_v7_v8_160,drawer565_drawer_close_libero90_t23_s10_r0_native_frontmost_clearance_v7_v8_160,drawer565_drawer_close_libero90_t23_s20_r0_native_frontmost_clearance_v7_v8_160	
4327_callback_close	107.11669921875	121	46	75	16	5	25	0	drawer565_drawer_close_libero90_t0_s10_r0_native_frontmost_clearance_v7_v8_160,drawer565_drawer_close_libero90_t0_s30_r0_native_frontmost_clearance_v7_v8_160,drawer565_drawer_close_libero90_t22_s10_r0_native_frontmost_clearance_v7_v8_160,drawer565_drawer_close_libero90_t22_s30_r0_native_frontmost_clearance_v7_v8_160,drawer565_drawer_close_libero90_t23_s10_r0_native_frontmost_clearance_v7_v8_160,drawer565_drawer_close_libero90_t23_s20_r0_native_frontmost_clearance_v7_v8_160	
4327_callback_close	143.5546875	121	46	75	16	4	26	0	drawer565_drawer_close_libero90_t0_s10_r0_native_frontmost_clearance_v7_v8_160,drawer565_drawer_close_libero90_t0_s30_r0_native_frontmost_clearance_v7_v8_160,drawer565_drawer_close_libero90_t22_s10_r0_native_frontmost_clearance_v7_v8_160,drawer565_drawer_close_libero90_t22_s30_r0_native_frontmost_clearance_v7_v8_160,drawer565_drawer_close_libero90_t23_s10_r0_native_frontmost_clearance_v7_v8_160,drawer565_drawer_close_libero90_t23_s20_r0_native_frontmost_clearance_v7_v8_160,drawer565_drawer_close_libero90_t28_s10_r0_native_frontmost_clearance_v7_v8_160	
4327_callback_close	146.6064453125	121	46	75	16	4	26	0	drawer565_drawer_close_libero90_t0_s10_r0_native_frontmost_clearance_v7_v8_160,drawer565_drawer_close_libero90_t0_s30_r0_native_frontmost_clearance_v7_v8_160,drawer565_drawer_close_libero90_t22_s10_r0_native_frontmost_clearance_v7_v8_160,drawer565_drawer_close_libero90_t22_s30_r0_native_frontmost_clearance_v7_v8_160,drawer565_drawer_close_libero90_t23_s10_r0_native_frontmost_clearance_v7_v8_160,drawer565_drawer_close_libero90_t23_s20_r0_native_frontmost_clearance_v7_v8_160,drawer565_drawer_close_libero90_t28_s10_r0_native_frontmost_clearance_v7_v8_160	
4327_callback_close	149.658203125	121	46	75	16	3	27	0	drawer565_drawer_close_libero90_t0_s10_r0_native_frontmost_clearance_v7_v8_160,drawer565_drawer_close_libero90_t0_s30_r0_native_frontmost_clearance_v7_v8_160,drawer565_drawer_close_libero90_t22_s10_r0_native_frontmost_clearance_v7_v8_160,drawer565_drawer_close_libero90_t22_s30_r0_native_frontmost_clearance_v7_v8_160,drawer565_drawer_close_libero90_t23_s10_r0_native_frontmost_clearance_v7_v8_160,drawer565_drawer_close_libero90_t23_s20_r0_native_frontmost_clearance_v7_v8_160,drawer565_drawer_close_libero90_t28_s10_r0_native_frontmost_clearance_v7_v8_160	
4327_callback_close	150.5126953125	121	46	75	16	3	27	0	drawer565_drawer_close_libero90_t0_s10_r0_native_frontmost_clearance_v7_v8_160,drawer565_drawer_close_libero90_t0_s30_r0_native_frontmost_clearance_v7_v8_160,drawer565_drawer_close_libero90_t22_s10_r0_native_frontmost_clearance_v7_v8_160,drawer565_drawer_close_libero90_t22_s30_r0_native_frontmost_clearance_v7_v8_160,drawer565_drawer_close_libero90_t23_s10_r0_native_frontmost_clearance_v7_v8_160,drawer565_drawer_close_libero90_t23_s20_r0_native_frontmost_clearance_v7_v8_160,drawer565_drawer_close_libero90_t28_s10_r0_native_frontmost_clearance_v7_v8_160	
4327_callback_close	151.3671875	121	46	75	16	2	28	0	drawer565_drawer_close_libero90_t0_s10_r0_native_frontmost_clearance_v7_v8_160,drawer565_drawer_close_libero90_t0_s30_r0_native_frontmost_clearance_v7_v8_160,drawer565_drawer_close_libero90_t22_s10_r0_native_frontmost_clearance_v7_v8_160,drawer565_drawer_close_libero90_t22_s30_r0_native_frontmost_clearance_v7_v8_160,drawer565_drawer_close_libero90_t23_s10_r0_native_frontmost_clearance_v7_v8_160,drawer565_drawer_close_libero90_t23_s20_r0_native_frontmost_clearance_v7_v8_160,drawer565_drawer_close_libero90_t28_s10_r0_native_frontmost_clearance_v7_v8_160	
4327_callback_close	154.296875	121	46	75	16	2	28	0	drawer565_drawer_close_libero90_t0_s10_r0_native_frontmost_clearance_v7_v8_160,drawer565_drawer_close_libero90_t0_s30_r0_native_frontmost_clearance_v7_v8_160,drawer565_drawer_close_libero90_t22_s10_r0_native_frontmost_clearance_v7_v8_160,drawer565_drawer_close_libero90_t22_s30_r0_native_frontmost_clearance_v7_v8_160,drawer565_drawer_close_libero90_t23_s10_r0_native_frontmost_clearance_v7_v8_160,drawer565_drawer_close_libero90_t23_s20_r0_native_frontmost_clearance_v7_v8_160,drawer565_drawer_close_libero90_t28_s10_r0_native_frontmost_clearance_v7_v8_160	
4327_callback_close	157.2265625	121	46	75	16	1	29	0	drawer565_drawer_close_libero90_t0_s10_r0_native_frontmost_clearance_v7_v8_160,drawer565_drawer_close_libero90_t0_s30_r0_native_frontmost_clearance_v7_v8_160,drawer565_drawer_close_libero90_t22_s10_r0_native_frontmost_clearance_v7_v8_160,drawer565_drawer_close_libero90_t22_s30_r0_native_frontmost_clearance_v7_v8_160,drawer565_drawer_close_libero90_t23_s10_r0_native_frontmost_clearance_v7_v8_160,drawer565_drawer_close_libero90_t23_s20_r0_native_frontmost_clearance_v7_v8_160,drawer565_drawer_close_libero90_t28_s10_r0_native_frontmost_clearance_v7_v8_160	
4327_callback_close	157.28759765625	121	46	75	16	1	29	0	drawer565_drawer_close_libero90_t0_s10_r0_native_frontmost_clearance_v7_v8_160,drawer565_drawer_close_libero90_t0_s30_r0_native_frontmost_clearance_v7_v8_160,drawer565_drawer_close_libero90_t22_s10_r0_native_frontmost_clearance_v7_v8_160,drawer565_drawer_close_libero90_t22_s30_r0_native_frontmost_clearance_v7_v8_160,drawer565_drawer_close_libero90_t23_s10_r0_native_frontmost_clearance_v7_v8_160,drawer565_drawer_close_libero90_t23_s20_r0_native_frontmost_clearance_v7_v8_160,drawer565_drawer_close_libero90_t28_s10_r0_native_frontmost_clearance_v7_v8_160	
4327_callback_close	157.3486328125	121	46	75	16	0	30	0	drawer565_drawer_close_libero90_t0_s10_r0_native_frontmost_clearance_v7_v8_160,drawer565_drawer_close_libero90_t0_s30_r0_native_frontmost_clearance_v7_v8_160,drawer565_drawer_close_libero90_t22_s10_r0_native_frontmost_clearance_v7_v8_160,drawer565_drawer_close_libero90_t22_s30_r0_native_frontmost_clearance_v7_v8_160,drawer565_drawer_close_libero90_t23_s10_r0_native_frontmost_clearance_v7_v8_160,drawer565_drawer_close_libero90_t23_s20_r0_native_frontmost_clearance_v7_v8_160,drawer565_drawer_close_libero90_t28_s10_r0_native_frontmost_clearance_v7_v8_160	
4327_callback_close	157.3486338125	121	46	75	16	0	30	0	drawer565_drawer_close_libero90_t0_s10_r0_native_frontmost_clearance_v7_v8_160,drawer565_drawer_close_libero90_t0_s30_r0_native_frontmost_clearance_v7_v8_160,drawer565_drawer_close_libero90_t22_s10_r0_native_frontmost_clearance_v7_v8_160,drawer565_drawer_close_libero90_t22_s30_r0_native_frontmost_clearance_v7_v8_160,drawer565_drawer_close_libero90_t23_s10_r0_native_frontmost_clearance_v7_v8_160,drawer565_drawer_close_libero90_t23_s20_r0_native_frontmost_clearance_v7_v8_160,drawer565_drawer_close_libero90_t28_s10_r0_native_frontmost_clearance_v7_v8_160	
4327_stop_last_two_close	-15.0	16	16	0	0	4	0	12		drawer565_drawer_close_libero90_t0_s10_r0_native_frontmost_clearance_v7_v8_160,drawer565_drawer_close_libero90_t0_s30_r0_native_frontmost_clearance_v7_v8_160,drawer565_drawer_close_libero90_t22_s10_r0_native_frontmost_clearance_v7_v8_160,drawer565_drawer_close_libero90_t23_s10_r0_native_frontmost_clearance_v7_v8_160,drawer565_drawer_close_libero90_t23_s30_r0_native_frontmost_clearance_v7_v8_160,drawer565_drawer_close_libero90_t28_s10_r0_native_frontmost_clearance_v7_v8_160
4327_stop_last_two_close	-10.0	16	16	0	0	4	0	12		drawer565_drawer_close_libero90_t0_s10_r0_native_frontmost_clearance_v7_v8_160,drawer565_drawer_close_libero90_t0_s30_r0_native_frontmost_clearance_v7_v8_160,drawer565_drawer_close_libero90_t22_s10_r0_native_frontmost_clearance_v7_v8_160,drawer565_drawer_close_libero90_t23_s10_r0_native_frontmost_clearance_v7_v8_160,drawer565_drawer_close_libero90_t23_s30_r0_native_frontmost_clearance_v7_v8_160,drawer565_drawer_close_libero90_t28_s10_r0_native_frontmost_clearance_v7_v8_160
4327_stop_last_two_close	-9.033204125	16	16	0	0	4	0	12		drawer565_drawer_close_libero90_t0_s10_r0_native_frontmost_clearance_v7_v8_160,drawer565_drawer_close_libero90_t0_s30_r0_native_frontmost_clearance_v7_v8_160,drawer565_drawer_close_libero90_t22_s10_r0_native_frontmost_clearance_v7_v8_160,drawer565_drawer_close_libero90_t23_s10_r0_native_frontmost_clearance_v7_v8_160,drawer565_drawer_close_libero90_t23_s30_r0_native_frontmost_clearance_v7_v8_160,drawer565_drawer_close_libero90_t28_s10_r0_native_frontmost_clearance_v7_v8_160
4327_stop_last_two_close	-9.033203125	16	16	0	0	3	1	12	drawer565_drawer_close_libero90_t23_s20_r0_native_frontmost_clearance_v7_v8_160	drawer565_drawer_close_libero90_t0_s10_r0_native_frontmost_clearance_v7_v8_160,drawer565_drawer_close_libero90_t0_s30_r0_native_frontmost_clearance_v7_v8_160,drawer565_drawer_close_libero90_t22_s10_r0_native_frontmost_clearance_v7_v8_160,drawer565_drawer_close_libero90_t23_s10_r0_native_frontmost_clearance_v7_v8_160,drawer565_drawer_close_libero90_t23_s30_r0_native_frontmost_clearance_v7_v8_160,drawer565_drawer_close_libero90_t28_s10_r0_native_frontmost_clearance_v7_v8_160
4327_stop_last_two_close	-8.85009765625	16	16	0	0	3	1	12	drawer565_drawer_close_libero90_t23_s20_r0_native_frontmost_clearance_v7_v8_160	drawer565_drawer_close_libero90_t0_s10_r0_native_frontmost_clearance_v7_v8_160,drawer565_drawer_close_libero90_t0_s30_r0_native_frontmost_clearance_v7_v8_160,drawer565_drawer_close_libero90_t22_s10_r0_native_frontmost_clearance_v7_v8_160,drawer565_drawer_close_libero90_t23_s10_r0_native_frontmost_clearance_v7_v8_160,drawer565_drawer_close_libero90_t23_s30_r0_native_frontmost_clearance_v7_v8_160,drawer565_drawer_close_libero90_t28_s10_r0_native_frontmost_clearance_v7_v8_160
4327_stop_last_two_close	-8.6669921875	16	16	0	0	2	2	12	drawer565_drawer_close_libero90_t23_s20_r0_native_frontmost_clearance_v7_v8_160	drawer565_drawer_close_libero90_t0_s10_r0_native_frontmost_clearance_v7_v8_160,drawer565_drawer_close_libero90_t0_s30_r0_native_frontmost_clearance_v7_v8_160,drawer565_drawer_close_libero90_t22_s10_r0_native_frontmost_clearance_v7_v8_160,drawer565_drawer_close_libero90_t23_s10_r0_native_frontmost_clearance_v7_v8_160,drawer565_drawer_close_libero90_t23_s30_r0_native_frontmost_clearance_v7_v8_160,drawer565_drawer_close_libero90_t28_s10_r0_native_frontmost_clearance_v7_v8_160
4327_stop_last_two_close	-5.43212890625	16	16	0	0	2	2	12	drawer565_drawer_close_libero90_t23_s20_r0_native_frontmost_clearance_v7_v8_160	drawer565_drawer_close_libero90_t0_s10_r0_native_frontmost_clearance_v7_v8_160,drawer565_drawer_close_libero90_t0_s30_r0_native_frontmost_clearance_v7_v8_160,drawer565_drawer_close_libero90_t22_s10_r0_native_frontmost_clearance_v7_v8_160,drawer565_drawer_close_libero90_t23_s10_r0_native_frontmost_clearance_v7_v8_160,drawer565_drawer_close_libero90_t23_s30_r0_native_frontmost_clearance_v7_v8_160,drawer565_drawer_close_libero90_t28_s10_r0_native_frontmost_clearance_v7_v8_160
4327_stop_last_two_close	-5.0	16	16	0	0	2	2	12	drawer565_drawer_close_libero90_t23_s20_r0_native_frontmost_clearance_v7_v8_160	drawer565_drawer_close_libero90_t0_s10_r0_native_frontmost_clearance_v7_v8_160,drawer565_drawer_close_libero90_t0_s30_r0_native_frontmost_clearance_v7_v8_160,drawer565_drawer_close_libero90_t22_s10_r0_native_frontmost_clearance_v7_v8_160,drawer565_drawer_close_libero90_t23_s10_r0_native_frontmost_clearance_v7_v8_160,drawer565_drawer_close_libero90_t23_s30_r0_native_frontmost_clearance_v7_v8_160,drawer565_drawer_close_libero90_t28_s10_r0_native_frontmost_clearance_v7_v8_160
4327_stop_last_two_close	-2.197265625	16	16	0	2	2	2	10	drawer565_drawer_close_libero90_t23_s20_r0_native_frontmost_clearance_v7_v8_160	drawer565_drawer_close_libero90_t0_s30_r0_native_frontmost_clearance_v7_v8_160,drawer565_drawer_close_libero90_t22_s10_r0_native_frontmost_clearance_v7_v8_160,drawer565_drawer_close_libero90_t23_s10_r0_native_frontmost_clearance_v7_v8_160,drawer565_drawer_close_libero90_t23_s30_r0_native_frontmost_clearance_v7_v8_160,drawer565_drawer_close_libero90_t28_s10_r0_native_frontmost_clearance_v7_v8_160
4327_stop_last_two_close	-2.0	16	16	0	2	2	2	10	drawer565_drawer_close_libero90_t23_s20_r0_native_frontmost_clearance_v7_v8_160	drawer565_drawer_close_libero90_t0_s30_r0_native_frontmost_clearance_v7_v8_160,drawer565_drawer_close_libero90_t22_s10_r0_native_frontmost_clearance_v7_v8_160,drawer565_drawer_close_libero90_t23_s10_r0_native_frontmost_clearance_v7_v8_160,drawer565_drawer_close_libero90_t23_s30_r0_native_frontmost_clearance_v7_v8_160,drawer565_drawer_close_libero90_t28_s10_r0_native_frontmost_clearance_v7_v8_160
4327_stop_last_two_close	-1.953125	16	16	0	2	2	2	10	drawer565_drawer_close_libero90_t23_s20_r0_native_frontmost_clearance_v7_v8_160	drawer565_drawer_close_libero90_t0_s30_r0_native_frontmost_clearance_v7_v8_160,drawer565_drawer_close_libero90_t22_s10_r0_native_frontmost_clearance_v7_v8_160,drawer565_drawer_close_libero90_t23_s10_r0_native_frontmost_clearance_v7_v8_160,drawer565_drawer_close_libero90_t23_s30_r0_native_frontmost_clearance_v7_v8_160,drawer565_drawer_close_libero90_t28_s10_r0_native_frontmost_clearance_v7_v8_160
4327_stop_last_two_close	-1.708984375	16	16	0	4	2	2	8	drawer565_drawer_close_libero90_t23_s20_r0_native_frontmost_clearance_v7_v8_160	drawer565_drawer_close_libero90_t0_s30_r0_native_frontmost_clearance_v7_v8_160,drawer565_drawer_close_libero90_t22_s10_r0_native_frontmost_clearance_v7_v8_160,drawer565_drawer_close_libero90_t23_s30_r0_native_frontmost_clearance_v7_v8_160,drawer565_drawer_close_libero90_t28_s10_r0_native_frontmost_clearance_v7_v8_160
4327_stop_last_two_close	-1.64794921875	16	16	0	4	2	2	8	drawer565_drawer_close_libero90_t23_s20_r0_native_frontmost_clearance_v7_v8_160	drawer565_drawer_close_libero90_t0_s30_r0_native_frontmost_clearance_v7_v8_160,drawer565_drawer_close_libero90_t22_s10_r0_native_frontmost_clearance_v7_v8_160,drawer565_drawer_close_libero90_t23_s30_r0_native_frontmost_clearance_v7_v8_160,drawer565_drawer_close_libero90_t28_s10_r0_native_frontmost_clearance_v7_v8_160
4327_stop_last_two_close	-1.5869140625	16	16	0	5	2	2	7	drawer565_drawer_close_libero90_t23_s20_r0_native_frontmost_clearance_v7_v8_160	drawer565_drawer_close_libero90_t0_s30_r0_native_frontmost_clearance_v7_v8_160,drawer565_drawer_close_libero90_t22_s10_r0_native_frontmost_clearance_v7_v8_160,drawer565_drawer_close_libero90_t23_s30_r0_native_frontmost_clearance_v7_v8_160,drawer565_drawer_close_libero90_t28_s10_r0_native_frontmost_clearance_v7_v8_160
4327_stop_last_two_close	-1.52587890625	16	16	0	5	2	2	7	drawer565_drawer_close_libero90_t23_s20_r0_native_frontmost_clearance_v7_v8_160	drawer565_drawer_close_libero90_t0_s30_r0_native_frontmost_clearance_v7_v8_160,drawer565_drawer_close_libero90_t22_s10_r0_native_frontmost_clearance_v7_v8_160,drawer565_drawer_close_libero90_t23_s30_r0_native_frontmost_clearance_v7_v8_160,drawer565_drawer_close_libero90_t28_s10_r0_native_frontmost_clearance_v7_v8_160
4327_stop_last_two_close	-1.46484375	16	16	0	7	2	2	5	drawer565_drawer_close_libero90_t23_s20_r0_native_frontmost_clearance_v7_v8_160	drawer565_drawer_close_libero90_t22_s10_r0_native_frontmost_clearance_v7_v8_160,drawer565_drawer_close_libero90_t23_s30_r0_native_frontmost_clearance_v7_v8_160,drawer565_drawer_close_libero90_t28_s10_r0_native_frontmost_clearance_v7_v8_160
4327_stop_last_two_close	-1.40380859375	16	16	0	7	2	2	5	drawer565_drawer_close_libero90_t23_s20_r0_native_frontmost_clearance_v7_v8_160	drawer565_drawer_close_libero90_t22_s10_r0_native_frontmost_clearance_v7_v8_160,drawer565_drawer_close_libero90_t23_s30_r0_native_frontmost_clearance_v7_v8_160,drawer565_drawer_close_libero90_t28_s10_r0_native_frontmost_clearance_v7_v8_160
4327_stop_last_two_close	-1.3427734375	16	16	0	9	2	2	3	drawer565_drawer_close_libero90_t23_s20_r0_native_frontmost_clearance_v7_v8_160	drawer565_drawer_close_libero90_t22_s10_r0_native_frontmost_clearance_v7_v8_160,drawer565_drawer_close_libero90_t23_s30_r0_native_frontmost_clearance_v7_v8_160
4327_stop_last_two_close	-1.15966796875	16	16	0	9	2	2	3	drawer565_drawer_close_libero90_t23_s20_r0_native_frontmost_clearance_v7_v8_160	drawer565_drawer_close_libero90_t22_s10_r0_native_frontmost_clearance_v7_v8_160,drawer565_drawer_close_libero90_t23_s30_r0_native_frontmost_clearance_v7_v8_160
4327_stop_last_two_close	-1.0	16	16	0	9	2	2	3	drawer565_drawer_close_libero90_t23_s20_r0_native_frontmost_clearance_v7_v8_160	drawer565_drawer_close_libero90_t22_s10_r0_native_frontmost_clearance_v7_v8_160,drawer565_drawer_close_libero90_t23_s30_r0_native_frontmost_clearance_v7_v8_160
4327_stop_last_two_close	-0.9765625	16	16	0	11	2	2	1	drawer565_drawer_close_libero90_t23_s20_r0_native_frontmost_clearance_v7_v8_160	drawer565_drawer_close_libero90_t22_s10_r0_native_frontmost_clearance_v7_v8_160
4327_stop_last_two_close	-0.54931640625	16	16	0	11	2	2	1	drawer565_drawer_close_libero90_t23_s20_r0_native_frontmost_clearance_v7_v8_160	drawer565_drawer_close_libero90_t22_s10_r0_native_frontmost_clearance_v7_v8_160
4327_stop_last_two_close	-0.5	16	16	0	11	2	2	1	drawer565_drawer_close_libero90_t23_s20_r0_native_frontmost_clearance_v7_v8_160	drawer565_drawer_close_libero90_t22_s10_r0_native_frontmost_clearance_v7_v8_160
4327_stop_last_two_close	-0.1220703125	16	16	0	12	2	2	0	drawer565_drawer_close_libero90_t23_s20_r0_native_frontmost_clearance_v7_v8_160	
4327_stop_last_two_close	0.0	16	16	0	12	2	2	0	drawer565_drawer_close_libero90_t23_s20_r0_native_frontmost_clearance_v7_v8_160	
4327_stop_last_two_close	0.18310546875	16	16	0	12	2	2	0	drawer565_drawer_close_libero90_t23_s20_r0_native_frontmost_clearance_v7_v8_160	
4327_stop_last_two_close	0.24017693624991032	16	16	0	12	2	2	0	drawer565_drawer_close_libero90_t23_s20_r0_native_frontmost_clearance_v7_v8_160	
4327_stop_last_two_close	0.48828125	16	16	0	12	0	4	0	drawer565_drawer_close_libero90_t22_s30_r0_native_frontmost_clearance_v7_v8_160,drawer565_drawer_close_libero90_t23_s20_r0_native_frontmost_clearance_v7_v8_160	
4327_stop_last_two_close	0.48828225000000003	16	16	0	12	0	4	0	drawer565_drawer_close_libero90_t22_s30_r0_native_frontmost_clearance_v7_v8_160,drawer565_drawer_close_libero90_t23_s20_r0_native_frontmost_clearance_v7_v8_160	
4327_stop_last_two_close	0.5	16	16	0	12	0	4	0	drawer565_drawer_close_libero90_t22_s30_r0_native_frontmost_clearance_v7_v8_160,drawer565_drawer_close_libero90_t23_s20_r0_native_frontmost_clearance_v7_v8_160	
4327_stop_last_two_close	1.0	16	16	0	12	0	4	0	drawer565_drawer_close_libero90_t22_s30_r0_native_frontmost_clearance_v7_v8_160,drawer565_drawer_close_libero90_t23_s20_r0_native_frontmost_clearance_v7_v8_160	
4327_stop_last_two_close	1.5	16	16	0	12	0	4	0	drawer565_drawer_close_libero90_t22_s30_r0_native_frontmost_clearance_v7_v8_160,drawer565_drawer_close_libero90_t23_s20_r0_native_frontmost_clearance_v7_v8_160	
4327_stop_last_two_close	2.0	16	16	0	12	0	4	0	drawer565_drawer_close_libero90_t22_s30_r0_native_frontmost_clearance_v7_v8_160,drawer565_drawer_close_libero90_t23_s20_r0_native_frontmost_clearance_v7_v8_160	
4327_stop_last_two_close	5.0	16	16	0	12	0	4	0	drawer565_drawer_close_libero90_t22_s30_r0_native_frontmost_clearance_v7_v8_160,drawer565_drawer_close_libero90_t23_s20_r0_native_frontmost_clearance_v7_v8_160	
4327_stop_last_two_close	15.0	16	16	0	12	0	4	0	drawer565_drawer_close_libero90_t22_s30_r0_native_frontmost_clearance_v7_v8_160,drawer565_drawer_close_libero90_t23_s20_r0_native_frontmost_clearance_v7_v8_160	
4327_private_boundary_absq_le3mm_callback	-15.0	88	30	58	0	14	0	16		drawer565_drawer_close_libero90_t0_s10_r0_native_frontmost_clearance_v7_v8_160,drawer565_drawer_close_libero90_t0_s30_r0_native_frontmost_clearance_v7_v8_160,drawer565_drawer_close_libero90_t22_s10_r0_native_frontmost_clearance_v7_v8_160,drawer565_drawer_close_libero90_t22_s20_r0_native_frontmost_clearance_v7_v8_160,drawer565_drawer_close_libero90_t22_s30_r0_native_frontmost_clearance_v7_v8_160,drawer565_drawer_close_libero90_t23_s10_r0_native_frontmost_clearance_v7_v8_160,drawer565_drawer_close_libero90_t23_s30_r0_native_frontmost_clearance_v7_v8_160,drawer565_drawer_close_libero90_t28_s10_r0_native_frontmost_clearance_v7_v8_160
4327_private_boundary_absq_le3mm_callback	-10.0	88	30	58	0	14	0	16		drawer565_drawer_close_libero90_t0_s10_r0_native_frontmost_clearance_v7_v8_160,drawer565_drawer_close_libero90_t0_s30_r0_native_frontmost_clearance_v7_v8_160,drawer565_drawer_close_libero90_t22_s10_r0_native_frontmost_clearance_v7_v8_160,drawer565_drawer_close_libero90_t22_s20_r0_native_frontmost_clearance_v7_v8_160,drawer565_drawer_close_libero90_t22_s30_r0_native_frontmost_clearance_v7_v8_160,drawer565_drawer_close_libero90_t23_s10_r0_native_frontmost_clearance_v7_v8_160,drawer565_drawer_close_libero90_t23_s30_r0_native_frontmost_clearance_v7_v8_160,drawer565_drawer_close_libero90_t28_s10_r0_native_frontmost_clearance_v7_v8_160
4327_private_boundary_absq_le3mm_callback	-5.0	88	30	58	0	14	0	16		drawer565_drawer_close_libero90_t0_s10_r0_native_frontmost_clearance_v7_v8_160,drawer565_drawer_close_libero90_t0_s30_r0_native_frontmost_clearance_v7_v8_160,drawer565_drawer_close_libero90_t22_s10_r0_native_frontmost_clearance_v7_v8_160,drawer565_drawer_close_libero90_t22_s20_r0_native_frontmost_clearance_v7_v8_160,drawer565_drawer_close_libero90_t22_s30_r0_native_frontmost_clearance_v7_v8_160,drawer565_drawer_close_libero90_t23_s10_r0_native_frontmost_clearance_v7_v8_160,drawer565_drawer_close_libero90_t23_s30_r0_native_frontmost_clearance_v7_v8_160,drawer565_drawer_close_libero90_t28_s10_r0_native_frontmost_clearance_v7_v8_160
4327_private_boundary_absq_le3mm_callback	-2.1972666249999997	88	30	58	0	14	0	16		drawer565_drawer_close_libero90_t0_s10_r0_native_frontmost_clearance_v7_v8_160,drawer565_drawer_close_libero90_t0_s30_r0_native_frontmost_clearance_v7_v8_160,drawer565_drawer_close_libero90_t22_s10_r0_native_frontmost_clearance_v7_v8_160,drawer565_drawer_close_libero90_t22_s20_r0_native_frontmost_clearance_v7_v8_160,drawer565_drawer_close_libero90_t22_s30_r0_native_frontmost_clearance_v7_v8_160,drawer565_drawer_close_libero90_t23_s10_r0_native_frontmost_clearance_v7_v8_160,drawer565_drawer_close_libero90_t23_s30_r0_native_frontmost_clearance_v7_v8_160,drawer565_drawer_close_libero90_t28_s10_r0_native_frontmost_clearance_v7_v8_160
4327_private_boundary_absq_le3mm_callback	-2.197265625	88	30	58	2	14	0	14		drawer565_drawer_close_libero90_t0_s30_r0_native_frontmost_clearance_v7_v8_160,drawer565_drawer_close_libero90_t22_s10_r0_native_frontmost_clearance_v7_v8_160,drawer565_drawer_close_libero90_t22_s20_r0_native_frontmost_clearance_v7_v8_160,drawer565_drawer_close_libero90_t22_s30_r0_native_frontmost_clearance_v7_v8_160,drawer565_drawer_close_libero90_t23_s10_r0_native_frontmost_clearance_v7_v8_160,drawer565_drawer_close_libero90_t23_s30_r0_native_frontmost_clearance_v7_v8_160,drawer565_drawer_close_libero90_t28_s10_r0_native_frontmost_clearance_v7_v8_160
4327_private_boundary_absq_le3mm_callback	-2.0	88	30	58	2	14	0	14		drawer565_drawer_close_libero90_t0_s30_r0_native_frontmost_clearance_v7_v8_160,drawer565_drawer_close_libero90_t22_s10_r0_native_frontmost_clearance_v7_v8_160,drawer565_drawer_close_libero90_t22_s20_r0_native_frontmost_clearance_v7_v8_160,drawer565_drawer_close_libero90_t22_s30_r0_native_frontmost_clearance_v7_v8_160,drawer565_drawer_close_libero90_t23_s10_r0_native_frontmost_clearance_v7_v8_160,drawer565_drawer_close_libero90_t23_s30_r0_native_frontmost_clearance_v7_v8_160,drawer565_drawer_close_libero90_t28_s10_r0_native_frontmost_clearance_v7_v8_160
4327_private_boundary_absq_le3mm_callback	-1.953125	88	30	58	2	14	0	14		drawer565_drawer_close_libero90_t0_s30_r0_native_frontmost_clearance_v7_v8_160,drawer565_drawer_close_libero90_t22_s10_r0_native_frontmost_clearance_v7_v8_160,drawer565_drawer_close_libero90_t22_s20_r0_native_frontmost_clearance_v7_v8_160,drawer565_drawer_close_libero90_t22_s30_r0_native_frontmost_clearance_v7_v8_160,drawer565_drawer_close_libero90_t23_s10_r0_native_frontmost_clearance_v7_v8_160,drawer565_drawer_close_libero90_t23_s30_r0_native_frontmost_clearance_v7_v8_160,drawer565_drawer_close_libero90_t28_s10_r0_native_frontmost_clearance_v7_v8_160
4327_private_boundary_absq_le3mm_callback	-1.708984375	88	30	58	4	14	0	12		drawer565_drawer_close_libero90_t0_s30_r0_native_frontmost_clearance_v7_v8_160,drawer565_drawer_close_libero90_t22_s10_r0_native_frontmost_clearance_v7_v8_160,drawer565_drawer_close_libero90_t22_s20_r0_native_frontmost_clearance_v7_v8_160,drawer565_drawer_close_libero90_t22_s30_r0_native_frontmost_clearance_v7_v8_160,drawer565_drawer_close_libero90_t23_s30_r0_native_frontmost_clearance_v7_v8_160,drawer565_drawer_close_libero90_t28_s10_r0_native_frontmost_clearance_v7_v8_160
4327_private_boundary_absq_le3mm_callback	-1.64794921875	88	30	58	4	14	0	12		drawer565_drawer_close_libero90_t0_s30_r0_native_frontmost_clearance_v7_v8_160,drawer565_drawer_close_libero90_t22_s10_r0_native_frontmost_clearance_v7_v8_160,drawer565_drawer_close_libero90_t22_s20_r0_native_frontmost_clearance_v7_v8_160,drawer565_drawer_close_libero90_t22_s30_r0_native_frontmost_clearance_v7_v8_160,drawer565_drawer_close_libero90_t23_s30_r0_native_frontmost_clearance_v7_v8_160,drawer565_drawer_close_libero90_t28_s10_r0_native_frontmost_clearance_v7_v8_160
4327_private_boundary_absq_le3mm_callback	-1.5869140625	88	30	58	5	14	0	11		drawer565_drawer_close_libero90_t0_s30_r0_native_frontmost_clearance_v7_v8_160,drawer565_drawer_close_libero90_t22_s10_r0_native_frontmost_clearance_v7_v8_160,drawer565_drawer_close_libero90_t22_s20_r0_native_frontmost_clearance_v7_v8_160,drawer565_drawer_close_libero90_t22_s30_r0_native_frontmost_clearance_v7_v8_160,drawer565_drawer_close_libero90_t23_s30_r0_native_frontmost_clearance_v7_v8_160,drawer565_drawer_close_libero90_t28_s10_r0_native_frontmost_clearance_v7_v8_160
4327_private_boundary_absq_le3mm_callback	-1.52587890625	88	30	58	5	14	0	11		drawer565_drawer_close_libero90_t0_s30_r0_native_frontmost_clearance_v7_v8_160,drawer565_drawer_close_libero90_t22_s10_r0_native_frontmost_clearance_v7_v8_160,drawer565_drawer_close_libero90_t22_s20_r0_native_frontmost_clearance_v7_v8_160,drawer565_drawer_close_libero90_t22_s30_r0_native_frontmost_clearance_v7_v8_160,drawer565_drawer_close_libero90_t23_s30_r0_native_frontmost_clearance_v7_v8_160,drawer565_drawer_close_libero90_t28_s10_r0_native_frontmost_clearance_v7_v8_160
4327_private_boundary_absq_le3mm_callback	-1.46484375	88	30	58	8	14	0	8		drawer565_drawer_close_libero90_t0_s30_r0_native_frontmost_clearance_v7_v8_160,drawer565_drawer_close_libero90_t22_s10_r0_native_frontmost_clearance_v7_v8_160,drawer565_drawer_close_libero90_t22_s20_r0_native_frontmost_clearance_v7_v8_160,drawer565_drawer_close_libero90_t22_s30_r0_native_frontmost_clearance_v7_v8_160,drawer565_drawer_close_libero90_t23_s30_r0_native_frontmost_clearance_v7_v8_160,drawer565_drawer_close_libero90_t28_s10_r0_native_frontmost_clearance_v7_v8_160
4327_private_boundary_absq_le3mm_callback	-1.40380859375	88	30	58	8	14	0	8		drawer565_drawer_close_libero90_t0_s30_r0_native_frontmost_clearance_v7_v8_160,drawer565_drawer_close_libero90_t22_s10_r0_native_frontmost_clearance_v7_v8_160,drawer565_drawer_close_libero90_t22_s20_r0_native_frontmost_clearance_v7_v8_160,drawer565_drawer_close_libero90_t22_s30_r0_native_frontmost_clearance_v7_v8_160,drawer565_drawer_close_libero90_t23_s30_r0_native_frontmost_clearance_v7_v8_160,drawer565_drawer_close_libero90_t28_s10_r0_native_frontmost_clearance_v7_v8_160
4327_private_boundary_absq_le3mm_callback	-1.3427734375	88	30	58	11	14	0	5		drawer565_drawer_close_libero90_t0_s30_r0_native_frontmost_clearance_v7_v8_160,drawer565_drawer_close_libero90_t22_s10_r0_native_frontmost_clearance_v7_v8_160,drawer565_drawer_close_libero90_t22_s20_r0_native_frontmost_clearance_v7_v8_160,drawer565_drawer_close_libero90_t23_s30_r0_native_frontmost_clearance_v7_v8_160
4327_private_boundary_absq_le3mm_callback	-1.15966796875	88	30	58	11	14	0	5		drawer565_drawer_close_libero90_t0_s30_r0_native_frontmost_clearance_v7_v8_160,drawer565_drawer_close_libero90_t22_s10_r0_native_frontmost_clearance_v7_v8_160,drawer565_drawer_close_libero90_t22_s20_r0_native_frontmost_clearance_v7_v8_160,drawer565_drawer_close_libero90_t23_s30_r0_native_frontmost_clearance_v7_v8_160
4327_private_boundary_absq_le3mm_callback	-1.0	88	30	58	11	14	0	5		drawer565_drawer_close_libero90_t0_s30_r0_native_frontmost_clearance_v7_v8_160,drawer565_drawer_close_libero90_t22_s10_r0_native_frontmost_clearance_v7_v8_160,drawer565_drawer_close_libero90_t22_s20_r0_native_frontmost_clearance_v7_v8_160,drawer565_drawer_close_libero90_t23_s30_r0_native_frontmost_clearance_v7_v8_160
4327_private_boundary_absq_le3mm_callback	-0.9765625	88	30	58	13	14	0	3		drawer565_drawer_close_libero90_t0_s30_r0_native_frontmost_clearance_v7_v8_160,drawer565_drawer_close_libero90_t22_s10_r0_native_frontmost_clearance_v7_v8_160,drawer565_drawer_close_libero90_t22_s20_r0_native_frontmost_clearance_v7_v8_160
4327_private_boundary_absq_le3mm_callback	-0.54931640625	88	30	58	13	14	0	3		drawer565_drawer_close_libero90_t0_s30_r0_native_frontmost_clearance_v7_v8_160,drawer565_drawer_close_libero90_t22_s10_r0_native_frontmost_clearance_v7_v8_160,drawer565_drawer_close_libero90_t22_s20_r0_native_frontmost_clearance_v7_v8_160
4327_private_boundary_absq_le3mm_callback	-0.5	88	30	58	13	14	0	3		drawer565_drawer_close_libero90_t0_s30_r0_native_frontmost_clearance_v7_v8_160,drawer565_drawer_close_libero90_t22_s10_r0_native_frontmost_clearance_v7_v8_160,drawer565_drawer_close_libero90_t22_s20_r0_native_frontmost_clearance_v7_v8_160
4327_private_boundary_absq_le3mm_callback	-0.1220703125	88	30	58	14	14	0	2		drawer565_drawer_close_libero90_t0_s30_r0_native_frontmost_clearance_v7_v8_160,drawer565_drawer_close_libero90_t22_s20_r0_native_frontmost_clearance_v7_v8_160
4327_private_boundary_absq_le3mm_callback	0.0	88	30	58	14	14	0	2		drawer565_drawer_close_libero90_t0_s30_r0_native_frontmost_clearance_v7_v8_160,drawer565_drawer_close_libero90_t22_s20_r0_native_frontmost_clearance_v7_v8_160
4327_private_boundary_absq_le3mm_callback	0.06103515625	88	30	58	14	14	0	2		drawer565_drawer_close_libero90_t0_s30_r0_native_frontmost_clearance_v7_v8_160,drawer565_drawer_close_libero90_t22_s20_r0_native_frontmost_clearance_v7_v8_160
4327_private_boundary_absq_le3mm_callback	0.24017693624991032	88	30	58	14	14	0	2		drawer565_drawer_close_libero90_t0_s30_r0_native_frontmost_clearance_v7_v8_160,drawer565_drawer_close_libero90_t22_s20_r0_native_frontmost_clearance_v7_v8_160
4327_private_boundary_absq_le3mm_callback	0.244140625	88	30	58	14	13	1	2	drawer565_drawer_close_libero90_t22_s30_r0_native_frontmost_clearance_v7_v8_160	drawer565_drawer_close_libero90_t0_s30_r0_native_frontmost_clearance_v7_v8_160,drawer565_drawer_close_libero90_t22_s20_r0_native_frontmost_clearance_v7_v8_160
4327_private_boundary_absq_le3mm_callback	0.3662109375	88	30	58	14	13	1	2	drawer565_drawer_close_libero90_t22_s30_r0_native_frontmost_clearance_v7_v8_160	drawer565_drawer_close_libero90_t0_s30_r0_native_frontmost_clearance_v7_v8_160,drawer565_drawer_close_libero90_t22_s20_r0_native_frontmost_clearance_v7_v8_160
4327_private_boundary_absq_le3mm_callback	0.48828125	88	30	58	14	11	3	2	drawer565_drawer_close_libero90_t22_s30_r0_native_frontmost_clearance_v7_v8_160	drawer565_drawer_close_libero90_t0_s30_r0_native_frontmost_clearance_v7_v8_160,drawer565_drawer_close_libero90_t22_s20_r0_native_frontmost_clearance_v7_v8_160
4327_private_boundary_absq_le3mm_callback	0.5	88	30	58	14	11	3	2	drawer565_drawer_close_libero90_t22_s30_r0_native_frontmost_clearance_v7_v8_160	drawer565_drawer_close_libero90_t0_s30_r0_native_frontmost_clearance_v7_v8_160,drawer565_drawer_close_libero90_t22_s20_r0_native_frontmost_clearance_v7_v8_160
4327_private_boundary_absq_le3mm_callback	0.54931640625	88	30	58	14	11	3	2	drawer565_drawer_close_libero90_t22_s30_r0_native_frontmost_clearance_v7_v8_160	drawer565_drawer_close_libero90_t0_s30_r0_native_frontmost_clearance_v7_v8_160,drawer565_drawer_close_libero90_t22_s20_r0_native_frontmost_clearance_v7_v8_160
4327_private_boundary_absq_le3mm_callback	0.6103515625	88	30	58	14	8	6	2	drawer565_drawer_close_libero90_t22_s30_r0_native_frontmost_clearance_v7_v8_160	drawer565_drawer_close_libero90_t0_s30_r0_native_frontmost_clearance_v7_v8_160,drawer565_drawer_close_libero90_t22_s20_r0_native_frontmost_clearance_v7_v8_160
4327_private_boundary_absq_le3mm_callback	0.67138671875	88	30	58	14	8	6	2	drawer565_drawer_close_libero90_t22_s30_r0_native_frontmost_clearance_v7_v8_160	drawer565_drawer_close_libero90_t0_s30_r0_native_frontmost_clearance_v7_v8_160,drawer565_drawer_close_libero90_t22_s20_r0_native_frontmost_clearance_v7_v8_160
4327_private_boundary_absq_le3mm_callback	0.732421875	88	30	58	14	5	9	2	drawer565_drawer_close_libero90_t22_s10_r0_native_frontmost_clearance_v7_v8_160,drawer565_drawer_close_libero90_t22_s30_r0_native_frontmost_clearance_v7_v8_160	drawer565_drawer_close_libero90_t0_s30_r0_native_frontmost_clearance_v7_v8_160,drawer565_drawer_close_libero90_t22_s20_r0_native_frontmost_clearance_v7_v8_160
4327_private_boundary_absq_le3mm_callback	0.79345703125	88	30	58	14	5	9	2	drawer565_drawer_close_libero90_t22_s10_r0_native_frontmost_clearance_v7_v8_160,drawer565_drawer_close_libero90_t22_s30_r0_native_frontmost_clearance_v7_v8_160	drawer565_drawer_close_libero90_t0_s30_r0_native_frontmost_clearance_v7_v8_160,drawer565_drawer_close_libero90_t22_s20_r0_native_frontmost_clearance_v7_v8_160
4327_private_boundary_absq_le3mm_callback	0.8544921875	88	30	58	14	3	11	2	drawer565_drawer_close_libero90_t22_s10_r0_native_frontmost_clearance_v7_v8_160,drawer565_drawer_close_libero90_t22_s30_r0_native_frontmost_clearance_v7_v8_160	drawer565_drawer_close_libero90_t0_s30_r0_native_frontmost_clearance_v7_v8_160,drawer565_drawer_close_libero90_t22_s20_r0_native_frontmost_clearance_v7_v8_160
4327_private_boundary_absq_le3mm_callback	0.91552734375	88	30	58	14	3	11	2	drawer565_drawer_close_libero90_t22_s10_r0_native_frontmost_clearance_v7_v8_160,drawer565_drawer_close_libero90_t22_s30_r0_native_frontmost_clearance_v7_v8_160	drawer565_drawer_close_libero90_t0_s30_r0_native_frontmost_clearance_v7_v8_160,drawer565_drawer_close_libero90_t22_s20_r0_native_frontmost_clearance_v7_v8_160
4327_private_boundary_absq_le3mm_callback	0.9765625	88	30	58	14	2	12	2	drawer565_drawer_close_libero90_t22_s10_r0_native_frontmost_clearance_v7_v8_160,drawer565_drawer_close_libero90_t22_s30_r0_native_frontmost_clearance_v7_v8_160	drawer565_drawer_close_libero90_t0_s30_r0_native_frontmost_clearance_v7_v8_160,drawer565_drawer_close_libero90_t22_s20_r0_native_frontmost_clearance_v7_v8_160
4327_private_boundary_absq_le3mm_callback	1.0	88	30	58	14	2	12	2	drawer565_drawer_close_libero90_t22_s10_r0_native_frontmost_clearance_v7_v8_160,drawer565_drawer_close_libero90_t22_s30_r0_native_frontmost_clearance_v7_v8_160	drawer565_drawer_close_libero90_t0_s30_r0_native_frontmost_clearance_v7_v8_160,drawer565_drawer_close_libero90_t22_s20_r0_native_frontmost_clearance_v7_v8_160
4327_private_boundary_absq_le3mm_callback	1.0986328125	88	30	58	14	2	12	2	drawer565_drawer_close_libero90_t22_s10_r0_native_frontmost_clearance_v7_v8_160,drawer565_drawer_close_libero90_t22_s30_r0_native_frontmost_clearance_v7_v8_160	drawer565_drawer_close_libero90_t0_s30_r0_native_frontmost_clearance_v7_v8_160,drawer565_drawer_close_libero90_t22_s20_r0_native_frontmost_clearance_v7_v8_160
4327_private_boundary_absq_le3mm_callback	1.220703125	88	30	58	14	1	13	2	drawer565_drawer_close_libero90_t22_s10_r0_native_frontmost_clearance_v7_v8_160,drawer565_drawer_close_libero90_t22_s30_r0_native_frontmost_clearance_v7_v8_160	drawer565_drawer_close_libero90_t0_s30_r0_native_frontmost_clearance_v7_v8_160,drawer565_drawer_close_libero90_t22_s20_r0_native_frontmost_clearance_v7_v8_160
4327_private_boundary_absq_le3mm_callback	1.5	88	30	58	14	1	13	2	drawer565_drawer_close_libero90_t22_s10_r0_native_frontmost_clearance_v7_v8_160,drawer565_drawer_close_libero90_t22_s30_r0_native_frontmost_clearance_v7_v8_160	drawer565_drawer_close_libero90_t0_s30_r0_native_frontmost_clearance_v7_v8_160,drawer565_drawer_close_libero90_t22_s20_r0_native_frontmost_clearance_v7_v8_160
4327_private_boundary_absq_le3mm_callback	1.708984375	88	30	58	14	1	13	2	drawer565_drawer_close_libero90_t22_s10_r0_native_frontmost_clearance_v7_v8_160,drawer565_drawer_close_libero90_t22_s30_r0_native_frontmost_clearance_v7_v8_160	drawer565_drawer_close_libero90_t0_s30_r0_native_frontmost_clearance_v7_v8_160,drawer565_drawer_close_libero90_t22_s20_r0_native_frontmost_clearance_v7_v8_160
4327_private_boundary_absq_le3mm_callback	2.0	88	30	58	14	1	13	2	drawer565_drawer_close_libero90_t22_s10_r0_native_frontmost_clearance_v7_v8_160,drawer565_drawer_close_libero90_t22_s30_r0_native_frontmost_clearance_v7_v8_160	drawer565_drawer_close_libero90_t0_s30_r0_native_frontmost_clearance_v7_v8_160,drawer565_drawer_close_libero90_t22_s20_r0_native_frontmost_clearance_v7_v8_160
4327_private_boundary_absq_le3mm_callback	2.197265625	88	30	58	14	0	14	2	drawer565_drawer_close_libero90_t22_s10_r0_native_frontmost_clearance_v7_v8_160,drawer565_drawer_close_libero90_t22_s30_r0_native_frontmost_clearance_v7_v8_160	drawer565_drawer_close_libero90_t0_s30_r0_native_frontmost_clearance_v7_v8_160,drawer565_drawer_close_libero90_t22_s20_r0_native_frontmost_clearance_v7_v8_160
4327_private_boundary_absq_le3mm_callback	5.0	88	30	58	14	0	14	2	drawer565_drawer_close_libero90_t22_s10_r0_native_frontmost_clearance_v7_v8_160,drawer565_drawer_close_libero90_t22_s30_r0_native_frontmost_clearance_v7_v8_160	drawer565_drawer_close_libero90_t0_s30_r0_native_frontmost_clearance_v7_v8_160,drawer565_drawer_close_libero90_t22_s20_r0_native_frontmost_clearance_v7_v8_160
4327_private_boundary_absq_le3mm_callback	15.0	88	30	58	14	0	14	2	drawer565_drawer_close_libero90_t22_s10_r0_native_frontmost_clearance_v7_v8_160,drawer565_drawer_close_libero90_t22_s30_r0_native_frontmost_clearance_v7_v8_160	drawer565_drawer_close_libero90_t0_s30_r0_native_frontmost_clearance_v7_v8_160,drawer565_drawer_close_libero90_t22_s20_r0_native_frontmost_clearance_v7_v8_160
4327_private_boundary_absq_le3mm_callback	15.7470703125	88	30	58	14	0	14	2	drawer565_drawer_close_libero90_t22_s10_r0_native_frontmost_clearance_v7_v8_160,drawer565_drawer_close_libero90_t22_s30_r0_native_frontmost_clearance_v7_v8_160	drawer565_drawer_close_libero90_t0_s30_r0_native_frontmost_clearance_v7_v8_160,drawer565_drawer_close_libero90_t22_s20_r0_native_frontmost_clearance_v7_v8_160
4327_private_boundary_absq_le3mm_callback	29.296875	88	30	58	15	0	14	1	drawer565_drawer_close_libero90_t22_s10_r0_native_frontmost_clearance_v7_v8_160,drawer565_drawer_close_libero90_t22_s30_r0_native_frontmost_clearance_v7_v8_160	drawer565_drawer_close_libero90_t22_s20_r0_native_frontmost_clearance_v7_v8_160
4327_private_boundary_absq_le3mm_callback	45.71533203125	88	30	58	15	0	14	1	drawer565_drawer_close_libero90_t22_s10_r0_native_frontmost_clearance_v7_v8_160,drawer565_drawer_close_libero90_t22_s30_r0_native_frontmost_clearance_v7_v8_160	drawer565_drawer_close_libero90_t22_s20_r0_native_frontmost_clearance_v7_v8_160
4327_private_boundary_absq_le3mm_callback	62.1337890625	88	30	58	16	0	14	0	drawer565_drawer_close_libero90_t22_s10_r0_native_frontmost_clearance_v7_v8_160,drawer565_drawer_close_libero90_t22_s30_r0_native_frontmost_clearance_v7_v8_160	
4327_private_boundary_absq_le3mm_callback	62.1337900625	88	30	58	16	0	14	0	drawer565_drawer_close_libero90_t22_s10_r0_native_frontmost_clearance_v7_v8_160,drawer565_drawer_close_libero90_t22_s30_r0_native_frontmost_clearance_v7_v8_160	
original559_same10_close	-15.0	10	2	8	0	0	0	2		drawer559_drawer_close_libero90_t23_s10_r0_native_original160,drawer559_drawer_close_libero90_t23_s30_r0_native_original160
original559_same10_close	-10.0	10	2	8	0	0	0	2		drawer559_drawer_close_libero90_t23_s10_r0_native_original160,drawer559_drawer_close_libero90_t23_s30_r0_native_original160
original559_same10_close	-5.80416131359905	10	2	8	0	0	0	2		drawer559_drawer_close_libero90_t23_s10_r0_native_original160,drawer559_drawer_close_libero90_t23_s30_r0_native_original160
original559_same10_close	-5.80416031359905	10	2	8	1	0	0	1		drawer559_drawer_close_libero90_t23_s30_r0_native_original160
original559_same10_close	-5.0	10	2	8	1	0	0	1		drawer559_drawer_close_libero90_t23_s30_r0_native_original160
original559_same10_close	-3.5196411942490937	10	2	8	1	0	0	1		drawer559_drawer_close_libero90_t23_s30_r0_native_original160
original559_same10_close	-2.0	10	2	8	1	0	0	1		drawer559_drawer_close_libero90_t23_s30_r0_native_original160
original559_same10_close	-1.2351220748991374	10	2	8	2	0	0	0		
original559_same10_close	-1.2351210748991375	10	2	8	2	0	0	0		
original559_same10_close	-1.0	10	2	8	2	0	0	0		
original559_same10_close	-0.5	10	2	8	2	0	0	0		
original559_same10_close	0.0	10	2	8	2	0	0	0		
original559_same10_close	0.24017693624991032	10	2	8	2	0	0	0		
original559_same10_close	0.5	10	2	8	2	0	0	0		
original559_same10_close	1.0	10	2	8	2	0	0	0		
original559_same10_close	1.5	10	2	8	2	0	0	0		
original559_same10_close	2.0	10	2	8	2	0	0	0		
original559_same10_close	5.0	10	2	8	2	0	0	0		
original559_same10_close	15.0	10	2	8	2	0	0	0		
